,證券代號,證券名稱,成交股數,成交筆數,成交金額,開盤價,最高價,最低價,收盤價,漲跌(+/-),漲跌價差,最後揭示買價,最後揭示買量,最後揭示賣價,最後揭示賣量,本益比
0,1101,台泥,"23,663,072","10,925","1,018,547,236",43.40,43.40,42.90,43.00,-,0.4,42.95,161,43.00,"1,687",10.24
1,1101B,台泥乙特,"5,151",9,"274,832",53.30,53.50,53.20,53.50,X,0.0,53.20,58,53.50,28,0.00
2,1102,亞泥,"5,311,264","2,097","232,919,688",43.95,44.00,43.55,43.75,-,0.15,43.70,40,43.75,2,10.25
3,1103,嘉泥,"640,444",313,"11,561,705",18.15,18.20,17.95,18.10,-,0.05,18.05,11,18.10,104,34.15
4,1104,環泥,"407,022",231,"8,997,632",22.10,22.20,22.00,22.15,+,0.05,22.10,48,22.15,4,11.08
5,1108,幸福,"1,530,840",572,"19,258,290",12.75,12.80,12.45,12.55,-,0.2,12.50,25,12.55,21,13.64
6,1109,信大,"401,981",156,"8,050,897",20.10,20.10,19.95,20.05, ,0.0,20.05,1,20.10,44,7.51
7,1110,東泥,"88,136",52,"1,415,295",16.15,16.25,16.00,16.10,-,0.05,16.05,1,16.10,9,0.00
8,1201,味全,"699,378",425,"14,737,013",21.15,21.20,21.00,21.10,+,0.05,21.05,29,21.10,46,28.13
9,1203,味王,"11,197",56,"414,189",36.85,37.00,36.85,37.00,+,0.15,37.00,6,37.20,1,18.97
10,1210,大成,"4,081,066","2,596","218,226,071",53.50,54.00,53.00,53.20, ,0.0,53.20,22,53.30,30,15.03
11,1213,大飲,"1,502",3,"10,803",7.33,7.33,7.33,7.33,-,0.17,7.33,1,7.99,1,0.00
12,1215,卜蜂,"860,658",701,"64,607,429",75.10,75.30,74.70,75.20,+,0.1,75.10,4,75.20,12,11.43
13,1216,統一,"7,318,018","3,577","514,341,252",70.40,70.60,70.10,70.20,+,0.1,70.20,512,70.30,556,19.18
14,1217,愛之味,"3,262,108","1,075","29,838,316",9.18,9.26,9.09,9.09,-,0.08,9.09,60,9.10,3,22.17
15,1218,泰山,"828,392",476,"24,013,144",29.10,29.10,28.85,29.05,+,0.05,29.00,3,29.05,41,18.39
16,1219,福壽,"809,968",413,"16,436,516",20.50,20.55,20.15,20.25,-,0.2,20.20,59,20.25,5,10.77
17,1220,台榮,"64,007",49,"805,185",12.60,12.60,12.55,12.60, ,0.0,12.55,7,12.60,43,13.12
18,1225,福懋油,"100,581",89,"3,805,152",37.80,38.00,37.55,37.80,+,0.2,37.75,3,37.85,4,25.54
19,1227,佳格,"7,664,896","4,723","445,314,491",58.60,58.60,57.80,57.90,-,0.7,57.90,54,58.00,42,14.96
20,1229,聯華,"2,646,922","1,966","117,245,714",44.25,44.50,44.10,44.25,+,0.25,44.25,36,44.30,65,20.97
21,1231,聯華食,"349,599",308,"16,394,578",46.80,47.15,46.65,47.10,+,0.45,47.15,1,47.20,14,13.27
22,1232,大統益,"62,709",121,"8,638,670",138.00,138.00,137.50,137.50, ,0.0,137.00,8,138.00,20,20.01
23,1233,天仁,"20,011",19,"693,540",34.65,34.85,34.60,34.85,+,0.2,34.80,1,34.85,1,45.86
24,1234,黑松,"273,892",152,"9,040,886",33.10,33.10,32.95,33.05, ,0.0,33.00,5,33.05,48,15.09
25,1235,興泰,"1,456",9,"38,923",26.85,26.85,26.85,26.85, ,0.0,26.50,2,26.65,4,34.42
26,1236,宏亞,"12,378",50,"173,624",14.00,14.00,13.90,13.90,-,0.1,13.90,2,13.95,9,0.00
27,1256,鮮活果汁-KY,"36,240",119,"14,477,612",397.00,401.00,396.00,397.50,+,6.5,397.50,1,400.00,1,17.29
28,1301,台塑,"20,501,530","10,492","2,142,106,165",103.00,106.00,102.50,104.50,+,2.0,104.00,804,104.50,382,53.32
29,1303,南亞,"9,969,389","5,197","740,732,319",73.90,74.70,73.30,74.60,+,1.0,74.50,1,74.60,286,33.45
30,1304,台聚,"19,357,792","8,423","447,488,141",22.80,23.45,22.65,23.30,+,0.6,23.25,15,23.30,42,17.92
31,1305,華夏,"39,009,548","14,894","1,293,868,733",32.50,34.20,32.15,33.55,+,0.8,33.50,237,33.55,132,11.37
32,1307,三芳,"126,728",93,"2,744,103",21.75,21.75,21.60,21.60,-,0.1,21.60,10,21.70,48,40.75
33,1308,亞聚,"15,266,393","5,972","365,979,232",24.25,24.35,23.70,23.90,-,0.4,23.85,201,23.90,107,16.71
34,1309,台達化,"62,350,735","27,298","2,578,281,490",39.65,42.85,39.65,42.80,+,2.75,42.75,3,42.80,176,12.16
35,1310,台苯,"3,290,161","1,149","60,638,138",18.50,18.55,18.30,18.40, ,0.0,18.40,154,18.45,131,0.00
36,1312,國喬,"14,877,290","5,667","374,523,145",25.10,25.50,24.70,25.35,+,0.1,25.35,25,25.40,75,9.64
37,1312A,國喬特,"2,000",2,"64,950",32.10,32.85,32.10,32.85,-,0.1,32.10,1,32.85,1,0.00
38,1313,聯成,"8,295,091","2,845","155,070,471",18.90,18.90,18.40,18.70,-,0.2,18.65,121,18.70,83,30.66
39,1314,中石化,"46,188,332","7,834","512,503,249",11.25,11.30,11.00,11.05,-,0.15,11.05,86,11.10,"1,238",55.25
40,1315,達新,"267,184",221,"20,045,961",74.80,76.00,74.50,75.10,+,0.6,75.00,12,75.10,1,1.88
41,1316,上曜,"603,295",186,"7,194,160",11.90,12.00,11.85,11.85,-,0.05,11.85,61,11.90,9,0.00
42,1319,東陽,"855,824",627,"31,207,394",36.45,36.70,36.30,36.45, ,0.0,36.45,1,36.50,3,18.98
43,1321,大洋,"108,134",79,"3,773,787",35.10,35.10,34.80,34.85,-,0.3,34.85,12,34.95,2,13.51
44,1323,永裕,"384,164",190,"13,062,330",33.90,34.40,33.75,34.40,+,0.4,34.00,5,34.40,12,10.65
45,1324,地球,"50,073",34,"508,963",10.10,10.20,10.05,10.20,+,0.15,10.05,23,10.20,12,46.36
46,1325,恆大,"3,135,926","2,285","273,227,451",87.10,88.90,86.30,86.30,-,1.5,86.20,24,86.30,35,5.14
47,1326,台化,"4,696,867","2,289","416,250,151",88.50,89.40,88.10,88.80,+,0.3,88.70,22,88.80,204,41.69
48,1337,再生-KY,"4,041,113","1,353","36,285,525",9.02,9.18,8.85,8.85,+,0.1,8.85,26,8.88,1,0.00
49,1338,廣華-KY,"612,092",458,"39,526,134",63.80,65.20,63.60,64.40,+,1.3,64.40,9,64.50,1,22.76
50,1339,昭輝,"98,000",73,"3,965,400",40.40,40.60,40.30,40.40,+,0.1,40.35,1,40.45,1,26.58
51,1340,勝悅-KY,"264,511",208,"2,846,724",10.80,10.90,10.65,10.70, ,0.0,10.70,7,10.75,25,0.00
52,1341,富林-KY,"30,012",34,"1,861,080",61.30,63.00,61.10,63.00, ,0.0,62.70,2,63.00,3,11.43
53,1342,八貫,"59,030",49,"3,505,970",59.60,59.60,59.10,59.10,-,0.4,59.10,2,59.20,1,20.10
54,1402,遠東新,"7,657,829","2,830","227,259,689",29.80,29.85,29.50,29.75,-,0.15,29.70,79,29.75,152,17.81
55,1409,新纖,"7,971,459","1,731","117,214,426",14.85,14.95,14.50,14.60,-,0.25,14.60,46,14.65,142,9.67
56,1410,南染,"5,807",12,"196,478",33.90,34.10,33.60,33.60,-,0.25,33.60,7,33.95,4,39.53
57,1413,宏洲,"117,461",35,"958,049",8.13,8.20,8.13,8.13, ,0.0,8.13,6,8.19,8,0.00
58,1414,東和,"229,265",172,"2,913,794",12.80,12.80,12.60,12.75, ,0.0,12.70,2,12.75,5,28.98
59,1416,廣豐,"163,237",120,"1,758,875",10.80,10.80,10.75,10.80, ,0.0,10.75,46,10.80,48,0.00
60,1417,嘉裕,"302,339",183,"3,403,578",11.35,11.35,11.20,11.30,+,0.1,11.25,2,11.30,113,40.36
61,1418,東華,11,11,77,--,--,--,--, ,0.0,6.97,1,7.22,1,0.00
62,1419,新紡,"25,521",28,"1,037,267",40.60,40.80,40.50,40.60,-,0.15,40.55,1,40.70,1,37.25
63,1423,利華,"218,320",128,"4,388,225",20.10,20.30,19.95,20.05,+,0.1,20.05,66,20.10,8,0.00
64,1432,大魯閣,"200,906",132,"2,922,728",14.75,14.75,14.40,14.40,-,0.35,14.40,10,14.45,10,0.00
65,1434,福懋,"1,873,925","1,250","57,540,200",30.70,30.80,30.60,30.70, ,0.0,30.70,29,30.75,23,13.89
66,1435,中福,"104,252",71,"2,596,794",24.90,25.05,24.50,24.70,-,0.2,24.70,5,24.90,2,0.00
67,1436,華友聯,"29,155",22,"1,108,280",38.00,38.15,37.95,37.95,-,0.05,37.95,2,38.05,3,8.27
68,1437,勤益控,"93,168",55,"2,212,068",23.75,23.85,23.65,23.70, ,0.0,23.70,3,23.75,4,16.34
69,1438,三地開發,"47,207",37,"532,905",11.55,11.55,11.15,11.20,-,0.1,11.20,1,11.30,3,23.83
70,1439,中和,"48,000",36,"1,257,050",26.50,26.50,26.10,26.10,-,0.05,26.10,8,26.15,3,59.32
71,1440,南紡,"5,869,672","1,468","87,563,232",15.05,15.10,14.70,14.80,-,0.35,14.80,264,14.85,35,87.06
72,1441,大東,"71,120",70,"552,675",7.82,7.83,7.75,7.83,+,0.01,7.73,1,7.82,3,0.00
73,1442,名軒,"618,146",255,"11,442,534",18.45,18.80,18.25,18.40,-,0.05,18.35,5,18.40,36,131.43
74,1443,立益,"23,366",19,"264,093",11.15,11.35,11.15,11.30, ,0.0,11.25,5,11.40,5,0.00
75,1444,力麗,"3,962,197","1,181","47,486,443",12.10,12.10,11.90,11.90,-,0.1,11.90,157,11.95,47,0.00
76,1445,大宇,"63,302",36,"823,805",13.05,13.05,13.00,13.05, ,0.0,13.00,22,13.05,5,0.00
77,1446,宏和,"121,340",72,"3,706,597",30.70,30.90,30.30,30.40,-,0.45,30.40,10,30.50,2,380.00
78,1447,力鵬,"5,753,740","1,670","52,814,477",9.15,9.28,9.04,9.17,+,0.02,9.17,25,9.18,31,0.00
79,1449,佳和,"504,802",401,"11,724,740",22.20,23.90,22.20,23.45,+,1.5,23.40,9,23.45,3,0.00
80,1451,年興,"143,311",145,"2,336,393",16.40,16.40,16.25,16.30,-,0.1,16.30,52,16.35,1,0.00
81,1452,宏益,"441,876",192,"7,770,038",17.60,17.65,17.50,17.60,+,0.05,17.55,31,17.60,2,24.11
82,1453,大將,"43,437",54,"367,361",8.42,8.51,8.41,8.44,-,0.05,8.44,3,8.47,5,0.00
83,1454,台富,"39,649",22,"334,451",8.48,8.48,8.41,8.43,-,0.02,8.41,1,8.43,6,0.00
84,1455,集盛,"1,903,277",531,"19,904,650",10.55,10.60,10.25,10.55, ,0.0,10.55,109,10.60,56,0.00
85,1456,怡華,"782,661",435,"15,007,411",19.75,19.75,18.70,18.75,+,0.1,18.70,15,18.80,2,0.00
86,1457,宜進,"1,528,475",475,"24,600,185",16.10,16.25,15.95,15.95,-,0.05,15.95,55,16.00,18,5.66
87,1459,聯發,"143,672",64,"1,179,868",8.25,8.25,8.15,8.21,+,0.02,8.17,3,8.21,5,0.00
88,1460,宏遠,"452,016",182,"3,619,593",8.04,8.04,7.99,8.01,-,0.03,8.01,12,8.04,48,0.00
89,1463,強盛,"127,508",90,"1,637,823",12.70,12.90,12.70,12.90,+,0.2,12.85,14,12.90,12,61.43
90,1464,得力,"520,487",266,"9,511,745",18.10,18.40,18.10,18.35,+,0.3,18.35,16,18.40,68,367.00
91,1465,偉全,"30,568",67,"390,849",12.75,12.85,12.75,12.80, ,0.0,12.80,4,12.85,16,0.00
92,1466,聚隆,"347,166",209,"5,586,628",15.95,16.25,15.90,16.15,+,0.3,16.10,1,16.15,4,0.00
93,1467,南緯,"855,027",275,"15,249,420",17.90,18.00,17.75,17.80,+,0.05,17.80,2,17.85,3,0.00
94,1468,昶和,"26,000",21,"401,350",15.55,15.55,15.25,15.40,+,0.15,15.20,2,15.30,3,51.33
95,1470,大統新創,"11,000",3,"198,950",18.10,18.10,18.05,18.05, ,0.0,17.90,4,18.15,2,48.78
96,1471,首利,"652,052",252,"4,020,271",6.23,6.24,6.12,6.15,-,0.03,6.14,4,6.16,4,3.60
97,1472,三洋紡,"8,005",8,"81,501",10.00,10.35,10.00,10.35, ,0.0,10.10,5,10.30,3,0.00
98,1473,台南,"192,526",108,"3,434,747",17.75,17.90,17.75,17.90,+,0.3,17.85,7,17.90,27,0.00
99,1474,弘裕,"491,051",212,"6,226,692",12.70,12.80,12.60,12.60,-,0.1,12.60,26,12.65,27,14.82
100,1475,業旺,"11,049",10,"429,121",37.80,39.35,37.80,38.95,+,0.95,37.85,1,38.95,7,556.43
101,1476,儒鴻,"2,925,268","2,660","1,349,150,429",456.00,467.50,455.00,462.50,+,14.5,462.00,2,462.50,15,29.82
102,1477,聚陽,"4,624,327","3,660","996,774,675",207.00,219.50,207.00,217.50,+,11.0,217.50,14,218.00,71,23.98
103,1503,士電,"171,884",183,"8,362,866",49.00,49.00,48.50,48.55,-,0.35,48.50,12,48.55,2,15.08
104,1504,東元,"4,686,337","2,059","141,635,065",30.70,30.70,29.90,30.20,-,0.65,30.10,98,30.20,40,17.46
105,1506,正道,"75,258",56,"742,291",9.85,9.90,9.82,9.90,-,0.05,9.83,2,9.90,4,0.00
106,1507,永大,"58,086",94,"3,403,092",59.00,59.00,58.40,58.40,-,0.2,58.30,8,58.60,5,20.14
107,1512,瑞利,"62,265",35,"267,695",4.28,4.30,4.28,4.30, ,0.0,4.31,9,4.40,5,0.00
108,1513,中興電,"6,809,344","3,933","355,976,084",52.50,53.00,51.60,52.00,+,0.2,52.00,45,52.10,13,25.62
109,1514,亞力,"490,316",327,"12,133,602",24.75,24.85,24.60,24.75,+,0.2,24.70,6,24.75,4,15.66
110,1515,力山,"9,714,040","6,304","840,372,703",83.30,88.50,83.30,86.70,+,4.1,86.60,22,86.70,110,24.02
111,1516,川飛,"165,435",105,"4,146,066",25.00,25.15,24.90,25.10,+,0.2,25.05,7,25.15,13,30.61
112,1517,利奇,"5,592,025","1,849","83,236,610",15.10,15.20,14.65,15.00,+,0.05,14.95,40,15.00,23,100.00
113,1519,華城,"983,371",704,"44,872,708",45.90,46.20,45.15,45.20,-,0.3,45.20,1,45.30,2,23.66
114,1521,大億,"93,353",73,"5,144,373",55.00,55.80,54.80,55.20,+,0.2,55.10,1,55.20,2,28.16
115,1522,堤維西,"276,615",179,"6,565,948",24.00,24.00,23.60,23.65,-,0.2,23.60,29,23.65,4,29.20
116,1524,耿鼎,"305,102",245,"3,278,859",10.80,10.85,10.70,10.70, ,0.0,10.70,6,10.75,7,48.64
117,1525,江申,"86,230",84,"5,812,661",67.40,68.10,66.80,67.90,+,1.6,67.80,5,67.90,3,17.06
118,1526,日馳,"243,652",163,"10,159,565",42.00,42.20,41.30,41.85,+,0.2,41.80,3,41.85,26,14.48
119,1527,鑽全,"534,607",441,"24,758,708",46.35,46.75,46.00,46.25,+,0.25,46.20,1,46.25,2,28.73
120,1528,恩德,"366,499",193,"3,665,052",10.00,10.10,9.95,9.99,+,0.01,9.99,4,10.00,8,0.00
121,1529,樂士,"93,811",32,"1,492,844",16.10,16.10,15.75,15.95,+,0.15,15.85,5,15.95,8,17.34
122,1530,亞崴,"47,137",36,"1,581,541",33.70,33.70,33.50,33.60,-,0.1,33.50,4,33.60,4,9.41
123,1531,高林股,"130,987",112,"1,742,254",13.45,13.45,13.15,13.30,-,0.25,13.30,4,13.35,3,0.00
124,1532,勤美,"645,651",265,"20,492,680",31.90,32.00,31.55,31.75,-,0.15,31.70,14,31.75,34,50.40
125,1533,車王電,"3,242,111","2,263","216,968,931",67.40,68.90,65.30,65.60,-,1.3,65.50,60,65.70,11,111.19
126,1535,中宇,"1,330,036",857,"51,879,331",39.45,39.75,38.50,38.70,-,0.75,38.70,5,38.85,1,24.19
127,1536,和大,"2,942,617","2,202","320,364,718",110.00,113.00,107.00,107.50, ,0.0,107.50,19,108.00,21,109.69
128,1537,廣隆,"107,301",78,"15,356,614",142.50,143.50,142.50,143.50,+,0.5,143.50,6,144.00,29,13.23
129,1538,正峰,"14,221",109,"107,841",7.50,7.98,7.50,7.50, ,0.0,7.52,1,7.87,1,0.00
130,1539,巨庭,"142,301",66,"2,630,038",18.40,18.80,18.25,18.80,+,0.55,18.70,1,18.90,1,0.00
131,1540,喬福,"52,259",85,"810,371",15.55,15.65,15.35,15.45,-,0.1,15.45,7,15.55,12,0.00
132,1541,錩泰,"71,288",50,"3,798,225",53.30,53.60,53.00,53.10,-,0.2,53.00,7,53.10,7,10.93
133,1558,伸興,"353,026",332,"56,647,138",161.00,161.50,159.00,161.50,+,2.5,161.00,8,161.50,10,13.33
134,1560,中砂,"756,377",521,"53,587,440",71.80,72.00,70.40,70.70,-,0.6,70.70,2,70.80,5,19.48
135,1568,倉佑,"1,132,664",690,"31,422,324",28.15,28.25,27.30,27.50,+,0.2,27.50,12,27.55,9,392.86
136,1582,信錦,"494,173",409,"41,950,595",84.50,85.20,84.50,84.80,+,0.5,84.70,4,84.80,1,10.55
137,1583,程泰,"6,057",12,"388,253",64.10,64.10,64.10,64.10,-,0.7,64.10,4,65.00,6,16.07
138,1587,吉茂,"213,000",123,"5,564,000",26.35,26.35,26.05,26.10,-,0.05,26.10,3,26.15,2,12.37
139,1589,永冠-KY,"1,124,643",709,"91,252,116",81.20,81.60,80.80,80.90, ,0.0,80.90,28,81.00,507,18.73
140,1590,亞德客-KY,"601,481",638,"573,900,982",937.00,966.00,937.00,958.00,+,38.0,957.00,3,958.00,1,37.38
141,1592,英瑞-KY,"195,515",122,"1,412,386",7.29,7.30,7.18,7.19,-,0.09,7.19,4,7.21,4,0.00
142,1597,直得,"4,319,343","3,098","517,143,833",119.50,121.50,118.00,120.00,-,2.0,119.50,7,120.00,30,47.62
143,1598,岱宇,"4,232,454","2,790","444,886,849",103.50,108.50,100.50,105.00,+,5.2,105.00,27,105.50,15,18.85
144,1603,華電,"67,103",45,"1,816,690",27.15,27.20,26.70,27.10,-,0.05,26.75,2,27.10,1,10.88
145,1604,聲寶,"1,550,654",756,"43,914,951",28.30,28.50,28.10,28.50,+,0.2,28.50,31,28.55,31,6.18
146,1605,華新,"9,997,701","2,591","186,778,499",18.50,18.80,18.50,18.65,+,0.05,18.65,171,18.70,110,9.01
147,1608,華榮,"2,216,037",699,"29,638,794",13.45,13.60,13.20,13.30, ,0.0,13.25,13,13.30,8,14.00
148,1609,大亞,"11,304,794","4,415","220,490,194",19.20,19.85,18.90,19.50,+,0.5,19.45,255,19.50,336,14.23
149,1611,中電,"500,409",644,"6,287,356",12.75,12.75,12.50,12.50,+,0.05,12.50,69,12.55,10,5.00
150,1612,宏泰,"3,236,136","1,631","69,821,380",21.80,21.90,21.30,21.55, ,0.0,21.50,1,21.55,16,17.24
151,1614,三洋電,"24,060",15,"845,906",35.40,35.40,35.10,35.20,-,0.1,35.15,14,35.20,1,24.11
152,1615,大山,"348,338",225,"9,156,183",25.75,26.90,25.75,26.45,+,0.8,26.40,2,26.45,8,10.50
153,1616,億泰,"379,153",171,"2,319,152",6.12,6.16,6.07,6.07,-,0.08,6.07,1,6.08,35,0.00
154,1617,榮星,"55,466",50,"851,136",15.55,15.55,15.25,15.45,+,0.1,15.45,11,15.50,15,15.93
155,1618,合機,"6,959,661","2,710","101,006,569",14.35,14.90,14.15,14.20,+,0.3,14.20,74,14.30,22,14.20
156,1626,艾美特-KY,"149,040",66,"3,905,399",26.00,26.40,26.00,26.40,+,0.15,26.25,1,26.40,7,35.20
157,1701,中化,"386,302",267,"8,824,382",22.90,22.90,22.80,22.85,-,0.05,22.85,21,22.90,79,12.77
158,1702,南僑,"1,948,572","1,351","93,414,553",47.70,48.40,47.40,48.10,+,1.05,48.05,4,48.10,83,12.12
159,1707,葡萄王,"124,765",354,"22,237,110",178.00,178.50,177.50,178.00,-,0.5,178.00,3,178.50,2,19.08
160,1708,東鹼,"265,416",259,"6,033,222",22.85,22.85,22.70,22.80,+,0.05,22.75,13,22.80,25,30.00
161,1709,和益,"711,984",297,"10,469,300",14.75,14.80,14.65,14.65,-,0.15,14.65,8,14.70,34,15.75
162,1710,東聯,"5,386,071","1,789","113,661,314",21.25,21.30,20.80,21.20,-,0.15,21.15,60,21.20,47,0.00
163,1711,永光,"653,238",382,"10,718,976",16.35,16.50,16.35,16.40,+,0.1,16.40,17,16.45,113,51.25
164,1712,興農,"1,229,189",612,"26,873,979",21.75,21.95,21.75,21.95,+,0.2,21.90,20,21.95,79,12.06
165,1713,國化,"114,719",64,"2,254,997",19.75,19.80,19.60,19.80,+,0.15,19.65,8,19.75,5,32.46
166,1714,和桐,"2,716,617",841,"25,887,814",9.53,9.58,9.50,9.51,-,0.01,9.51,38,9.52,8,5.34
167,1717,長興,"1,717,791",968,"60,198,712",35.20,35.25,34.95,35.00,-,0.1,34.95,59,35.00,11,18.82
168,1718,中纖,"11,735,339","2,750","116,526,618",10.10,10.10,9.87,9.89,-,0.11,9.89,91,9.90,1,7.73
169,1720,生達,"258,798",188,"9,643,168",37.15,37.35,37.10,37.30,+,0.3,37.25,1,37.30,10,14.46
170,1721,三晃,"196,998",238,"2,045,799",10.40,10.45,10.35,10.35,-,0.1,10.35,24,10.40,27,3.95
171,1722,台肥,"1,298,633",709,"69,205,252",53.40,53.60,53.10,53.40,+,0.1,53.30,3,53.40,113,20.08
172,1723,中碳,"426,687",355,"46,135,944",109.00,109.00,107.50,108.50, ,0.0,108.00,5,108.50,63,35.11
173,1724,台硝,"28,137",50,"359,171",12.80,12.80,12.70,12.70,+,0.1,12.70,8,12.80,30,48.85
174,1725,元禎,"31,262",24,"514,022",16.50,16.50,16.35,16.40,-,0.05,16.35,3,16.40,1,18.02
175,1726,永記,"15,154",16,"1,091,332",72.30,72.30,71.80,72.00,-,0.4,72.00,3,72.20,1,14.15
176,1727,中華化,"52,532",53,"575,124",10.90,11.00,10.90,10.95,+,0.05,10.95,3,11.00,13,0.00
177,1730,花仙子,"191,520",181,"13,780,108",71.80,72.10,71.70,72.00,+,0.4,71.90,10,72.00,14,13.09
178,1731,美吾華,"853,952",475,"16,192,508",19.10,19.20,18.80,18.90,-,0.2,18.90,17,18.95,6,14.65
179,1732,毛寶,"631,511",407,"15,828,294",24.95,25.50,24.65,25.10,+,0.1,25.05,1,25.10,4,30.61
180,1733,五鼎,"263,278",176,"6,085,472",23.25,23.25,22.95,22.95,-,0.25,22.95,15,23.00,4,15.94
181,1734,杏輝,"1,024,951",636,"31,773,012",30.95,31.45,30.70,30.70,-,0.05,30.70,37,30.80,8,85.28
182,1735,日勝化,"11,018",10,"181,096",16.60,16.60,16.40,16.50, ,0.0,16.40,1,16.60,6,35.87
183,1736,喬山,"1,431,270","1,133","125,529,733",86.50,89.80,85.30,87.10,+,0.6,87.00,10,87.10,14,29.43
184,1737,臺鹽,"212,008",214,"6,949,955",32.65,32.90,32.65,32.80,+,0.15,32.75,47,32.80,21,20.63
185,1760,寶齡富錦,"847,072",739,"69,215,536",81.90,83.50,80.40,80.50,+,0.2,80.40,11,80.50,55,129.84
186,1762,中化生,"456,097",359,"26,187,137",58.00,58.40,56.70,57.40,-,0.1,57.30,18,57.40,31,9.47
187,1773,勝一,"225,500",205,"24,277,368",108.50,108.50,107.00,107.50, ,0.0,107.50,8,108.00,22,16.49
188,1776,展宇,"25,001",17,"409,066",16.35,16.55,16.30,16.45,+,0.05,16.35,2,16.40,2,29.91
189,1783,和康生,"3,672,183","2,212","104,316,898",28.40,28.65,28.30,28.40,+,0.9,28.40,4,28.45,53,38.90
190,1786,科妍,"27,335",61,"1,538,814",56.60,56.70,56.00,56.40,-,0.2,56.10,11,56.40,5,25.99
191,1789,神隆,"717,946",417,"18,285,164",25.35,25.65,25.25,25.40,+,0.05,25.40,17,25.45,14,61.95
192,1795,美時,"412,883",322,"30,158,121",73.60,73.70,72.80,72.80, ,0.0,72.80,32,73.20,1,21.04
193,1802,台玻,"12,807,981","4,881","254,907,135",20.05,20.30,19.60,19.80,-,0.4,19.80,39,19.85,73,220.00
194,1805,寶徠,"897,604",325,"14,560,537",16.40,16.50,16.10,16.10,-,0.25,16.10,58,16.15,1,0.00
195,1806,冠軍,"1,788,700",575,"14,674,817",8.07,8.37,8.06,8.26,+,0.2,8.26,12,8.27,42,0.00
196,1808,潤隆,"124,394",119,"7,653,476",61.20,61.70,61.20,61.60,+,0.4,61.60,6,61.70,14,22.56
197,1809,中釉,"1,519,997",548,"19,003,524",12.50,12.65,12.30,12.55,+,0.05,12.50,17,12.55,16,0.00
198,1810,和成,"862,170",199,"8,489,299",9.86,9.92,9.82,9.84,+,0.01,9.84,8,9.85,1,57.88
199,1817,凱撒衛,"131,351",100,"4,578,622",35.00,35.05,34.70,35.00,+,0.1,34.75,18,35.00,15,11.48
200,1903,士紙,"156,453",113,"8,213,552",53.00,53.00,52.10,52.30,-,0.9,52.30,1,52.70,17,0.00
201,1904,正隆,"2,520,146","1,281","81,196,505",32.40,32.60,31.95,32.30,-,0.1,32.20,2,32.30,13,10.56
202,1905,華紙,"8,351,615","2,661","102,224,224",12.50,12.55,12.05,12.20,-,0.25,12.20,523,12.25,125,0.00
203,1906,寶隆,"218,823",128,"3,834,402",17.70,17.75,17.35,17.35,-,0.25,17.35,18,17.40,44,27.98
204,1907,永豐餘,"10,741,465","4,148","314,982,651",29.75,29.75,28.90,29.65,-,0.05,29.60,15,29.65,197,10.78
205,1909,榮成,"44,475,237","17,069","1,168,803,157",26.65,26.95,25.70,26.60, ,0.0,26.55,9,26.60,355,33.67
206,2002,中鋼,"48,934,014","16,351","1,259,435,173",25.90,25.95,25.55,25.75,+,0.05,25.70,239,25.75,415,429.17
207,2002A,中鋼特,"33,019",7,"1,684,170",51.00,51.10,51.00,51.10, ,0.0,51.00,2,51.10,17,0.00
208,2006,東和鋼鐵,"10,701,802","5,067","417,554,853",39.15,39.50,38.55,39.50,+,0.05,39.45,9,39.50,24,16.39
209,2007,燁興,"1,714,957",652,"15,789,435",9.30,9.34,9.08,9.18,-,0.32,9.18,16,9.20,2,0.00
210,2008,高興昌,"375,129",234,"6,333,514",16.80,17.25,16.75,16.95,-,0.35,16.85,6,16.95,17,0.00
211,2009,第一銅,"13,296,946","6,761","393,764,329",29.50,30.45,29.00,29.40,-,1.6,29.40,127,29.45,8,980.00
212,2010,春源,"2,328,897",767,"32,442,998",13.95,14.10,13.85,13.95, ,0.0,13.90,10,13.95,104,25.36
213,2012,春雨,"159,244",123,"3,077,265",19.20,19.50,19.20,19.35,+,0.15,19.35,2,19.40,1,26.88
214,2013,中鋼構,"5,639,194","3,016","237,439,032",42.40,43.00,41.60,43.00,+,0.5,42.95,3,43.00,179,13.19
215,2014,中鴻,"31,138,559","9,170","565,992,654",18.40,18.45,18.00,18.20,-,0.2,18.20,10,18.25,112,49.19
216,2015,豐興,"740,501",515,"52,908,698",72.40,72.50,71.10,71.60,-,0.4,71.30,5,71.60,5,15.91
217,2017,官田鋼,"1,611,166",595,"19,453,318",12.20,12.30,11.95,12.05,-,0.1,12.05,161,12.10,76,0.00
218,2020,美亞,"1,624,435",784,"35,175,125",21.85,21.85,21.45,21.85,-,0.3,21.80,9,21.85,47,13.16
219,2022,聚亨,"1,936,602",735,"13,807,677",7.10,7.16,7.09,7.12,+,0.06,7.12,48,7.13,6,0.00
220,2023,燁輝,"4,073,457","1,245","54,296,949",13.40,13.45,13.25,13.40, ,0.0,13.35,59,13.40,260,0.00
221,2024,志聯,"98,208",163,"1,657,937",17.20,17.30,16.50,17.10, ,0.0,16.95,5,17.10,6,61.07
222,2025,千興,"433,042",116,"1,209,006",2.85,2.87,2.73,2.74,-,0.07,2.74,17,2.79,15,0.00
223,2027,大成鋼,"9,504,634","4,270","288,121,108",30.50,30.60,30.00,30.40,+,0.05,30.35,23,30.40,19,0.00
224,2028,威致,"2,265,064","1,081","54,894,286",24.65,24.65,23.90,24.25,-,0.35,24.25,8,24.30,9,22.88
225,2029,盛餘,"148,904",78,"3,354,877",22.60,22.65,22.40,22.50,-,0.1,22.50,36,22.55,14,225.00
226,2030,彰源,"1,190,822",500,"16,287,504",13.80,13.80,13.60,13.60,-,0.35,13.60,182,13.65,19,56.67
227,2031,新光鋼,"11,973,826","5,446","486,795,915",39.60,41.35,39.25,41.15,+,1.75,41.15,5,41.20,5,20.17
228,2032,新鋼,"711,124",302,"10,103,828",14.45,14.45,14.10,14.20,-,0.3,14.20,10,14.25,7,28.98
229,2033,佳大,"186,010",118,"2,352,075",12.75,12.75,12.55,12.75, ,0.0,12.70,1,12.75,12,22.37
230,2034,允強,"1,659,144",973,"44,497,733",27.00,27.05,26.70,26.80,-,0.3,26.80,6,26.85,31,24.81
231,2038,海光,"4,668,510","1,802","86,205,850",18.55,18.75,18.20,18.50,-,0.1,18.45,27,18.50,19,0.00
232,2049,上銀,"2,251,117","2,154","947,037,322",418.50,424.50,413.50,420.50,+,10.5,420.00,426,420.50,29,95.79
233,2059,川湖,"123,785",141,"39,996,812",323.00,327.00,320.00,320.00,-,2.0,320.00,4,321.00,2,26.19
234,2062,橋椿,"1,753,577",903,"55,139,464",30.55,31.75,30.55,31.65,+,1.25,31.60,3,31.65,13,0.00
235,2069,運錩,"128,100",69,"2,192,050",17.15,17.20,17.00,17.10,+,0.2,17.05,1,17.10,11,0.00
236,2101,南港,"715,784",409,"30,723,292",43.40,43.40,42.70,42.80,-,0.4,42.80,17,42.95,31,43.23
237,2102,泰豐,"947,543",420,"16,793,775",17.80,17.85,17.55,17.85,-,0.1,17.80,2,17.85,10,0.00
238,2103,台橡,"7,903,689","3,565","226,967,617",29.25,29.25,28.30,28.80,-,0.45,28.75,40,28.80,28,0.00
239,2104,國際中橡,"2,361,122","1,328","63,223,886",27.00,27.05,26.65,26.85, ,0.0,26.85,17,26.90,85,0.00
240,2105,正新,"3,466,109","1,706","151,203,573",43.60,43.95,43.40,43.65,+,0.05,43.65,30,43.70,125,43.65
241,2106,建大,"1,966,506","1,160","72,962,858",37.00,37.65,36.70,36.95, ,0.0,36.90,10,36.95,232,49.93
242,2107,厚生,"2,275,966","1,113","55,909,750",24.90,24.90,24.40,24.45,-,0.45,24.45,22,24.50,25,9.40
243,2108,南帝,"19,776,764","11,949","1,452,532,190",72.80,75.50,71.60,72.50,-,0.8,72.40,8,72.50,16,18.78
244,2109,華豐,"249,909",190,"3,098,796",12.40,12.45,12.35,12.40, ,0.0,12.40,16,12.45,63,15.70
245,2114,鑫永銓,"582,083",436,"69,714,385",121.00,121.50,118.00,120.00,-,1.0,119.50,2,120.00,9,22.39
246,2115,六暉-KY,"106,959",97,"5,348,387",50.50,50.50,49.70,49.80,-,0.4,49.80,1,49.95,2,8.15
247,2201,裕隆,"5,389,192","2,904","229,454,652",42.85,43.30,42.25,42.35,-,0.5,42.35,10,42.40,10,0.00
248,2204,中華,"585,551",352,"29,049,513",49.45,49.80,49.35,49.70,+,0.2,49.70,10,49.75,2,0.00
249,2206,三陽工業,"4,877,583","2,372","155,457,039",31.20,32.30,31.15,31.90,+,1.1,31.85,106,31.90,31,15.41
250,2207,和泰車,"188,767",269,"112,528,838",600.00,600.00,591.00,599.00,+,4.0,595.00,11,599.00,8,24.70
251,2208,台船,"5,581,727","2,817","126,482,008",23.05,23.20,22.30,22.45,-,0.55,22.45,1,22.50,108,0.00
252,2227,裕日車,"65,375",104,"16,912,892",259.50,259.50,258.00,258.50,-,1.0,258.50,1,259.50,6,12.84
253,2228,劍麟,"176,152",135,"13,525,267",76.50,77.50,76.40,77.40,+,1.0,77.10,5,77.40,3,32.94
254,2231,為升,"1,151,496",958,"232,017,151",206.50,206.50,199.00,200.50,-,2.0,200.50,20,201.00,6,102.82
255,2233,宇隆,"609,797",478,"55,830,033",90.00,93.00,90.00,92.00,+,2.8,91.90,4,92.00,3,17.29
256,2236,百達-KY,"25,135",14,"464,197",18.40,18.55,18.40,18.45, ,0.0,18.45,5,18.50,1,"1,845.00"
257,2239,英利-KY,"128,000",106,"12,761,200",100.50,101.00,98.90,99.30,+,0.3,99.10,1,99.30,10,28.21
258,2241,艾姆勒,"369,154",270,"21,958,129",59.30,60.50,58.70,58.70,+,1.0,58.70,3,59.00,14,104.82
259,2243,宏旭-KY,"24,000",16,"272,750",11.30,11.65,11.25,11.50,+,0.1,11.50,1,11.55,1,0.00
260,2247,汎德永業,"61,922",92,"14,741,267",239.00,239.00,237.00,238.00,-,0.5,237.50,3,238.50,5,16.95
261,2301,光寶科,"7,446,761","4,635","430,687,081",57.60,58.20,57.60,58.00,+,0.8,57.80,56,58.00,440,13.46
262,2302,麗正,"281,263",182,"5,662,337",20.10,20.35,20.00,20.15,+,0.15,20.15,5,20.20,19,403.00
263,2303,聯電,"192,335,820","63,449","9,015,477,148",47.20,47.35,46.35,46.55,+,0.2,46.50,"2,855",46.55,307,19.81
264,2305,全友,"1,241,912",484,"11,540,602",9.25,9.40,9.21,9.21,-,0.03,9.21,24,9.22,92,57.56
265,2308,台達電,"12,789,917","10,156","3,423,253,556",270.00,272.00,264.50,265.00,+,1.5,265.00,135,265.50,3,27.01
266,2312,金寶,"8,989,822","2,504","116,207,448",13.00,13.05,12.85,12.85, ,0.0,12.85,237,12.90,253,64.25
267,2313,華通,"7,503,607","3,673","316,924,415",42.60,42.60,42.10,42.15,-,0.1,42.15,178,42.20,69,10.43
268,2314,台揚,"2,482,207","1,359","83,890,294",33.70,34.40,33.30,34.00,+,0.95,34.00,60,34.05,104,0.00
269,2316,楠梓電,"1,407,465",650,"42,426,588",30.40,30.40,29.95,29.95,-,0.2,29.95,11,30.00,10,13.68
270,2317,鴻海,"49,011,206","20,545","5,676,662,482",116.00,117.00,115.00,115.50,+,0.5,115.00,"1,664",115.50,250,15.46
271,2321,東訊,"22,477",27,"150,402",6.83,6.83,6.65,6.65,-,0.33,6.62,1,6.65,19,0.00
272,2323,中環,"4,985,866","1,687","40,537,968",8.11,8.16,8.09,8.11,+,0.07,8.11,24,8.12,303,0.00
273,2324,仁寶,"10,444,391","4,575","237,639,184",22.85,22.95,22.60,22.70, ,0.0,22.70,94,22.75,960,14.55
274,2327,國巨,"7,487,328","7,446","4,018,741,718",542.00,543.00,533.00,534.00,-,1.0,534.00,144,535.00,151,25.95
275,2328,廣宇,"24,047,150","11,981","991,806,398",41.45,42.00,40.85,41.00,+,0.2,40.95,584,41.00,4,41.41
276,2329,華泰,"4,013,807","1,471","64,754,504",16.30,16.50,16.00,16.05,-,0.1,16.05,42,16.10,104,0.00
277,2330,台積電,"41,735,443","54,196","24,904,320,192",601.00,601.00,593.00,597.00,+,2.0,596.00,97,597.00,924,29.89
278,2331,精英,"27,886,367","10,704","884,253,821",31.50,32.50,31.15,31.25,+,0.25,31.20,147,31.25,11,82.24
279,2332,友訊,"2,281,567","1,104","53,695,494",23.25,23.85,23.25,23.50,+,0.45,23.50,210,23.55,118,71.21
280,2337,旺宏,"56,329,982","20,712","2,341,736,278",40.85,42.15,40.75,41.95,+,1.55,41.95,22,42.00,"1,057",14.62
281,2338,光罩,"4,716,901","2,473","212,108,430",44.95,45.35,44.60,44.90,+,0.35,44.90,35,44.95,3,29.74
282,2340,光磊,"2,566,496","1,175","63,087,201",24.60,24.75,24.40,24.60,+,0.05,24.60,146,24.65,12,17.08
283,2342,茂矽,"2,045,508","1,302","71,769,158",35.00,35.35,34.75,35.05,+,0.85,35.00,32,35.05,1,0.00
284,2344,華邦電,"60,169,160","20,105","1,624,661,777",27.10,27.30,26.80,26.85,+,0.3,26.85,982,26.90,323,81.36
285,2345,智邦,"1,717,545","1,482","440,695,856",256.00,263.00,252.00,253.50,+,2.5,253.50,1,254.00,42,29.65
286,2347,聯強,"2,699,863","1,660","132,904,987",49.20,49.70,49.00,49.10,-,0.05,49.10,2,49.15,63,10.74
287,2348,海悅,"1,228,592",913,"121,104,931",100.00,101.00,97.20,98.90,-,0.8,98.60,2,98.90,2,8.97
288,2349,錸德,"1,980,853",673,"20,114,529",10.10,10.25,10.05,10.15,+,0.1,10.15,7,10.20,44,0.00
289,2351,順德,"3,619,942","2,623","288,024,922",80.10,81.40,78.60,79.00,-,0.3,79.00,41,79.40,1,54.11
290,2352,佳世達,"12,640,967","3,967","370,790,161",29.30,29.65,29.00,29.65,+,0.55,29.60,2,29.65,144,15.13
291,2353,宏碁,"21,688,881","7,772","589,402,447",27.30,27.45,26.80,26.90,-,0.1,26.90,112,26.95,41,18.42
292,2354,鴻準,"6,232,562","3,885","435,050,889",69.90,70.50,69.20,69.60,+,0.6,69.60,167,69.70,8,18.12
293,2355,敬鵬,"2,448,319","1,339","82,313,145",33.00,34.20,33.00,33.60,+,0.85,33.55,33,33.60,34,101.82
294,2356,英業達,"21,009,732","8,045","542,513,111",26.05,26.15,25.65,25.65,-,0.35,25.65,"1,135",25.70,134,11.50
295,2357,華碩,"3,131,852","2,164","983,208,055",316.00,316.50,312.00,312.50,-,0.5,312.00,63,312.50,9,12.00
296,2358,廷鑫,"164,621",72,"2,280,637",13.85,13.95,13.80,13.85,-,0.2,13.85,8,13.90,18,125.91
297,2359,所羅門,"231,690",128,"4,184,096",18.25,18.25,17.95,17.95,-,0.15,17.95,35,18.00,9,32.05
298,2360,致茂,"1,109,358",599,"210,747,442",191.50,193.00,188.00,189.50, ,0.0,189.50,19,190.00,6,35.49
299,2362,藍天,"824,030",413,"24,772,149",30.25,30.25,29.85,30.20, ,0.0,30.15,2,30.20,22,111.85
300,2363,矽統,"4,447,531","1,753","71,182,982",16.00,16.15,15.90,16.00,+,0.15,15.95,70,16.00,13,0.00
301,2364,倫飛,"153,085",62,"455,577",2.95,3.00,2.95,3.00,+,0.05,2.96,13,3.00,12,100.00
302,2365,昆盈,"544,707",216,"6,106,582",11.30,11.30,11.15,11.15, ,0.0,11.15,61,11.20,95,10.72
303,2367,燿華,"1,926,364",900,"40,906,642",21.30,21.45,21.05,21.15,-,0.05,21.15,127,21.20,17,0.00
304,2368,金像電,"13,775,740","7,191","778,117,079",56.80,57.30,55.50,55.80,-,0.3,55.80,553,55.90,12,14.80
305,2369,菱生,"2,927,149","1,053","44,478,686",15.05,15.35,15.05,15.10,+,0.25,15.10,149,15.15,3,0.00
306,2371,大同,"26,704,551","7,796","753,799,411",28.50,28.65,27.90,27.90,-,0.45,27.90,116,27.95,47,34.88
307,2373,震旦行,"19,114",24,"1,704,285",89.50,89.50,89.00,89.00,-,0.3,89.10,1,89.20,5,14.52
308,2374,佳能,"600,153",307,"8,760,459",14.85,14.85,14.50,14.55,-,0.15,14.50,88,14.55,10,0.00
309,2375,凱美,"4,512,828","3,575","534,009,159",115.50,121.50,115.00,121.50,+,11.0,121.50,379,--,0,29.78
310,2376,技嘉,"27,990,570","16,917","2,573,737,590",90.70,94.00,88.70,92.40,+,1.8,92.30,22,92.40,21,16.04
311,2377,微星,"5,667,655","3,698","837,986,131",150.50,151.50,146.00,147.00,-,1.0,147.00,16,147.50,100,17.07
312,2379,瑞昱,"2,875,817","2,654","1,246,586,841",437.00,439.00,431.00,433.00,+,2.0,432.50,9,433.50,13,28.30
313,2380,虹光,"628,439",318,"5,182,954",8.25,8.33,8.18,8.25,+,0.05,8.24,16,8.30,7,0.00
314,2382,廣達,"8,565,621","5,258","735,128,997",86.50,86.50,85.50,85.70,+,0.2,85.70,60,85.90,77,15.58
315,2383,台光電,"1,252,116","1,076","209,535,058",167.00,169.00,166.00,166.00,+,0.5,166.00,117,166.50,15,14.98
316,2385,群光,"1,876,746","1,328","177,297,194",95.00,95.20,93.90,94.10,-,0.2,94.10,15,94.20,4,12.08
317,2387,精元,"1,177,701",726,"75,204,067",64.30,64.70,63.30,64.00,-,0.3,64.00,35,64.10,9,16.04
318,2388,威盛,"1,150,132",840,"53,786,044",46.25,47.30,46.25,46.65,+,0.85,46.65,1,46.70,2,0.00
319,2390,云辰,"6,376,355","2,761","114,754,823",17.85,18.40,17.55,17.80,+,0.1,17.80,161,17.85,11,30.69
320,2392,正崴,"1,454,638",844,"67,037,679",46.35,46.35,45.95,45.95,-,0.15,45.95,28,46.00,6,10.51
321,2393,億光,"3,120,828","1,946","138,715,325",43.95,44.90,43.75,44.65,+,1.15,44.60,28,44.65,5,17.37
322,2395,研華,"798,021",699,"296,194,537",371.50,379.50,364.00,366.00,-,3.0,366.00,14,366.50,12,38.98
323,2397,友通,"51,393",37,"3,328,223",65.00,65.10,64.40,64.80, ,0.0,64.70,2,65.00,6,16.66
324,2399,映泰,"2,535,546","1,173","43,370,216",17.35,17.40,16.90,16.95, ,0.0,16.95,39,17.00,5,20.67
325,2401,凌陽,"11,548,161","4,151","280,128,005",24.40,24.75,23.85,23.95,+,0.05,23.90,255,23.95,156,104.13
326,2402,毅嘉,"1,116,199",452,"19,827,131",17.75,17.85,17.60,17.80,+,0.3,17.75,5,17.80,10,37.87
327,2404,漢唐,"781,432",847,"180,198,507",230.00,231.50,230.00,230.50,+,0.5,230.00,108,230.50,16,11.17
328,2405,浩鑫,"839,556",327,"9,540,237",11.45,11.45,11.30,11.30,-,0.05,11.30,110,11.40,163,0.00
329,2406,國碩,"4,251,142","2,197","87,789,681",20.00,21.30,19.80,20.80,+,1.0,20.75,49,20.80,11,0.00
330,2408,南亞科,"15,496,569","9,528","1,372,738,666",88.00,90.40,87.50,87.60,+,0.9,87.60,123,87.70,3,35.04
331,2409,友達,"119,541,846","21,665","2,227,436,105",18.85,18.95,18.35,18.40, ,0.0,18.40,832,18.45,106,51.11
332,2412,中華電,"5,164,962","3,223","569,808,297",110.50,111.00,110.00,110.50, ,0.0,110.00,"2,706",110.50,392,25.64
333,2413,環科,"1,081,250",493,"27,225,944",25.10,25.60,24.85,25.50,+,0.5,25.45,2,25.50,7,0.00
334,2414,精技,"159,803",116,"4,305,260",26.85,27.00,26.85,26.90,+,0.05,26.90,3,26.95,11,12.69
335,2415,錩新,"2,216,134","1,442","91,943,077",41.50,42.95,40.60,40.80, ,0.0,40.70,20,40.80,18,0.00
336,2417,圓剛,"2,419,290","1,653","106,513,125",43.50,44.70,43.20,44.30,+,1.25,44.25,3,44.30,7,8.82
337,2419,仲琦,"404,051",265,"9,460,501",23.30,23.55,23.30,23.30,-,0.05,23.30,28,23.35,1,30.26
338,2420,新巨,"925,023",555,"33,792,462",36.70,36.90,36.40,36.50,-,0.05,36.50,12,36.55,6,12.29
339,2421,建準,"1,770,534","1,270","92,608,407",51.90,52.80,51.70,52.80,+,1.5,52.80,32,52.90,25,14.47
340,2423,固緯,"57,134",38,"1,362,110",23.95,23.95,23.75,23.95,+,0.1,23.80,2,23.95,9,15.76
341,2424,隴華,644,7,"14,947",--,--,--,--, ,0.0,23.50,4,25.20,1,0.00
342,2425,承啟,"178,781",119,"5,097,737",28.70,28.75,28.35,28.45, ,0.0,28.40,18,28.45,5,33.87
343,2426,鼎元,"12,421,684","4,551","296,460,379",23.45,24.15,23.40,24.00,+,0.3,23.95,10,24.00,26,17.91
344,2427,三商電,"217,810",88,"2,465,330",11.40,11.45,11.25,11.35, ,0.0,11.30,11,11.35,11,13.84
345,2428,興勤,"788,960",686,"143,495,559",184.00,185.00,180.00,180.00,-,1.5,180.00,9,180.50,1,18.52
346,2429,銘旺科,"26,056",19,"465,224",17.85,17.90,17.80,17.90,+,0.05,17.85,4,17.90,1,0.00
347,2430,燦坤,"137,218",151,"2,862,985",20.90,20.90,20.80,20.90,+,0.1,20.85,4,20.90,8,13.40
348,2431,聯昌,"193,102",105,"2,091,690",10.95,10.95,10.75,10.80, ,0.0,10.75,48,10.80,33,22.98
349,2433,互盛電,"120,388",93,"6,259,776",51.90,52.20,51.80,52.20,+,0.5,52.00,8,52.30,2,13.28
350,2434,統懋,"17,360",21,"452,888",26.25,26.30,26.00,26.00,-,0.1,26.00,3,26.65,1,0.00
351,2436,偉詮電,"1,473,097","1,014","65,469,104",44.30,44.90,44.10,44.20,+,0.35,44.15,20,44.20,14,22.78
352,2438,翔耀,"68,249",49,"757,157",11.40,11.40,11.00,11.05,-,0.3,11.05,8,11.25,13,221.00
353,2439,美律,"555,029",567,"73,656,539",133.00,133.50,132.00,133.00,+,0.5,132.50,11,133.00,39,21.08
354,2440,太空梭,"257,689",123,"3,306,717",12.90,12.95,12.75,12.80, ,0.0,12.80,15,12.85,6,9.92
355,2441,超豐,"5,619,568","3,554","374,003,019",66.70,67.40,65.70,67.30,+,1.6,67.30,37,67.40,50,14.38
356,2442,新美齊,"1,019,439",350,"10,534,245",10.40,10.40,10.30,10.30,-,0.2,10.30,78,10.35,34,16.09
357,2443,億麗,"46,940",47,"127,381",2.73,2.75,2.70,2.75,+,0.05,2.70,9,2.75,55,0.00
358,2444,兆勁,"603,012",168,"9,127,380",15.20,15.45,15.00,15.05,-,0.1,15.05,20,15.20,4,0.00
359,2449,京元電子,"12,710,802","5,602","500,390,105",39.50,39.65,39.05,39.55,+,0.35,39.55,96,39.60,293,12.24
360,2450,神腦,"193,331",128,"6,300,160",32.50,32.80,32.30,32.50,+,0.05,32.50,3,32.60,1,19.23
361,2451,創見,"1,212,571",971,"77,962,562",64.80,64.80,64.00,64.50,-,0.3,64.40,3,64.50,12,23.12
362,2453,凌群,"318,350",196,"5,679,614",17.70,18.00,17.65,17.75,+,0.15,17.75,4,17.80,13,12.68
363,2454,聯發科,"9,564,427","15,028","8,328,731,610",890.00,892.00,860.00,864.00,-,15.0,864.00,49,865.00,29,42.06
364,2455,全新,"3,180,198","2,088","322,660,655",103.00,103.00,100.50,101.50,+,0.5,101.50,41,102.00,57,36.64
365,2456,奇力新,"1,869,707","1,417","195,932,073",105.50,106.00,104.00,105.00,+,0.5,105.00,96,105.50,93,17.56
366,2457,飛宏,"4,393,472","1,882","75,225,075",17.15,17.40,16.95,17.00,-,0.1,17.00,103,17.05,30,0.00
367,2458,義隆,"2,417,853","1,920","418,111,982",173.50,174.00,172.00,172.50, ,0.0,172.00,114,172.50,29,16.57
368,2459,敦吉,"270,644",228,"13,769,981",50.90,51.10,50.60,50.90,+,0.4,50.70,6,50.90,23,11.36
369,2460,建通,"1,621,342",882,"44,488,190",27.25,27.70,27.15,27.40,-,0.2,27.35,8,27.40,7,0.00
370,2461,光群雷,"1,953,879",753,"35,347,850",17.70,18.65,17.60,18.60,+,0.95,18.55,20,18.60,41,0.00
371,2462,良得電,"139,948",103,"3,962,507",28.10,28.80,27.90,27.95,+,0.15,27.90,5,27.95,7,26.12
372,2464,盟立,"1,706,732","1,002","77,513,326",45.95,45.95,45.15,45.35,-,0.5,45.35,1,45.40,9,18.36
373,2465,麗臺,"3,004,186","1,633","83,604,860",28.50,28.50,27.35,27.50,-,0.05,27.50,65,27.55,43,0.00
374,2466,冠西電,"78,001",46,"2,671,934",34.30,34.40,34.10,34.20,-,0.05,34.10,2,34.30,4,114.00
375,2467,志聖,"2,509,266","1,717","117,990,991",47.00,47.35,46.50,47.00,+,1.0,47.00,391,47.05,32,15.99
376,2468,華經,"51,153",28,"667,396",13.00,13.10,13.00,13.05, ,0.0,13.00,20,13.05,9,16.95
377,2471,資通,"638,775",412,"18,736,860",29.50,29.80,29.00,29.05,-,0.05,29.05,1,29.10,22,14.10
378,2472,立隆電,"3,498,011","2,455","273,075,030",78.00,79.00,77.10,77.90,+,1.4,77.80,79,77.90,33,15.58
379,2474,可成,"1,368,029","1,048","264,708,632",195.50,195.50,192.50,193.00,-,1.0,193.00,3,193.50,17,13.73
380,2476,鉅祥,"1,395,842",759,"41,206,939",29.20,30.00,29.15,29.35,+,0.35,29.30,7,29.35,21,23.67
381,2477,美隆電,"977,903",632,"30,538,960",30.70,31.85,30.70,30.80,+,0.4,30.80,8,30.95,1,21.84
382,2478,大毅,"1,351,769",874,"108,574,037",81.20,81.20,79.50,79.80,-,0.6,79.80,51,79.90,2,16.59
383,2480,敦陽科,"304,899",294,"21,361,944",70.00,70.20,69.90,70.20,+,0.1,70.10,14,70.20,47,15.00
384,2481,強茂,"13,736,717","8,164","704,250,622",49.85,52.80,49.65,51.40,+,2.7,51.40,67,51.50,22,20.24
385,2482,連宇,"90,682",94,"937,515",10.35,10.40,10.25,10.35,-,0.05,10.30,13,10.35,1,0.00
386,2483,百容,"465,223",163,"9,635,199",20.65,20.90,20.40,20.90,+,0.5,20.85,38,20.90,15,23.75
387,2484,希華,"6,461,058","2,618","162,372,835",25.35,25.45,24.60,24.60,-,0.5,24.60,65,24.65,27,28.28
388,2485,兆赫,"382,232",300,"6,893,675",18.00,18.15,17.85,18.05,+,0.1,18.05,11,18.10,43,0.00
389,2486,一詮,"31,156,191","9,876","680,906,339",20.85,22.15,20.50,22.15,+,2.0,22.15,329,--,0,0.00
390,2488,漢平,"147,446",161,"4,453,376",30.00,30.30,30.00,30.30,+,0.4,30.25,6,30.35,8,13.35
391,2489,瑞軒,"2,149,206",792,"26,863,526",12.60,12.60,12.40,12.50,+,0.05,12.45,81,12.50,148,0.00
392,2491,吉祥全,"382,328",240,"4,970,938",12.85,13.20,12.70,12.85,+,0.1,12.80,16,12.85,7,2.47
393,2492,華新科,"8,765,505","6,911","2,110,201,399",245.50,246.00,238.00,238.50,-,3.5,238.50,135,239.00,19,17.47
394,2493,揚博,"990,090",678,"35,402,617",35.75,35.90,35.60,35.80,+,0.8,35.75,1,35.80,19,14.26
395,2495,普安,"186,531",117,"2,194,979",11.75,11.80,11.75,11.75, ,0.0,11.80,2,11.85,14,0.00
396,2496,卓越,"73,530",87,"4,110,317",55.90,55.90,55.90,55.90,+,5.0,55.90,233,--,0,14.95
397,2497,怡利電,"243,213",168,"8,198,338",33.40,34.20,33.40,33.75,+,0.55,33.75,1,33.85,2,0.00
398,2498,宏達電,"4,368,051","2,397","124,418,898",28.35,28.70,28.20,28.50,+,0.45,28.50,8,28.55,29,0.00
399,2501,國建,"1,308,315",602,"25,751,345",19.60,19.80,19.55,19.65,+,0.1,19.65,3,19.70,13,17.70
400,2504,國產,"5,267,042","1,835","131,915,846",25.35,25.45,24.75,24.90,-,0.35,24.85,16,24.90,26,12.84
401,2505,國揚,"4,593,848","2,637","176,555,625",39.50,39.50,38.00,38.15,-,1.35,38.15,17,38.20,11,5.50
402,2506,太設,"409,219",161,"4,071,046",9.95,9.98,9.92,9.95, ,0.0,9.95,1,9.97,151,0.00
403,2509,全坤建,"2,166,057","1,385","44,264,216",20.80,21.05,20.00,20.40,-,0.4,20.40,1,20.45,2,35.79
404,2511,太子,"555,918",282,"6,240,976",11.25,11.30,11.15,11.20,-,0.05,11.20,33,11.25,36,38.62
405,2514,龍邦,"123,053",80,"1,793,222",14.70,14.70,14.55,14.60,-,0.05,14.55,12,14.60,4,52.14
406,2515,中工,"4,273,698","1,220","38,527,162",9.00,9.05,8.98,9.00,+,0.04,9.00,92,9.01,10,26.47
407,2516,新建,"82,279",71,"408,477",4.96,5.00,4.94,4.98, ,0.0,4.98,1,4.99,2,0.00
408,2520,冠德,"2,853,940","1,572","105,776,303",37.50,37.55,36.90,36.95,-,0.4,36.95,52,37.00,3,9.17
409,2524,京城,"54,779",45,"1,957,480",36.00,36.10,35.50,35.65,-,0.25,35.60,1,35.65,11,7.75
410,2527,宏璟,"478,288",264,"10,123,404",21.00,21.25,21.00,21.25,+,0.3,21.20,1,21.25,36,17.00
411,2528,皇普,"65,050",21,"1,496,500",23.05,23.05,22.90,23.00, ,0.0,23.00,4,23.05,4,0.00
412,2530,華建,"1,001,451",322,"14,512,010",14.55,14.70,14.40,14.40,-,0.15,14.40,85,14.45,3,0.00
413,2534,宏盛,"475,961",427,"9,061,758",19.00,19.10,18.95,19.05,+,0.05,19.00,39,19.05,40,14.88
414,2535,達欣工,"984,310",502,"26,263,523",26.80,26.80,26.60,26.60,-,0.2,26.60,158,26.65,24,9.05
415,2536,宏普,"123,749",58,"2,793,777",22.50,22.65,22.50,22.55,+,0.05,22.50,27,22.55,12,10.74
416,2537,聯上發,"1,169,958",393,"11,267,569",9.65,9.75,9.52,9.56,-,0.05,9.54,21,9.56,35,56.24
417,2538,基泰,"446,213",172,"4,499,759",10.10,10.20,10.05,10.05,-,0.05,10.05,69,10.10,57,0.00
418,2539,櫻花建,"295,681",157,"9,436,573",31.95,32.00,31.80,31.90,-,0.05,31.90,26,31.95,63,13.57
419,2540,愛山林,"35,080",21,"2,309,222",67.00,67.00,65.40,65.40,-,1.2,65.40,8,66.00,7,14.63
420,2542,興富發,"2,455,753","1,651","111,943,727",45.60,45.90,45.45,45.45,+,0.05,45.45,28,45.50,14,16.71
421,2543,皇昌,"36,088",22,"254,091",6.96,7.11,6.96,6.99,+,0.01,6.99,15,7.09,5,38.83
422,2545,皇翔,"212,253",100,"7,822,596",36.90,37.00,36.70,36.75,-,0.15,36.75,2,36.80,6,8.37
423,2546,根基,"535,344",321,"26,982,960",49.45,51.00,49.45,50.60,+,1.15,50.60,2,50.70,12,11.19
424,2547,日勝生,"951,107",388,"10,770,777",11.30,11.40,11.25,11.30,+,0.1,11.30,13,11.35,94,29.74
425,2548,華固,"833,193",544,"74,847,280",90.50,90.50,89.30,89.60,-,0.3,89.50,43,89.60,29,10.90
426,2597,潤弘,"380,218",321,"33,931,700",89.60,92.50,86.60,87.30,-,2.3,87.20,4,87.40,6,15.53
427,2601,益航,"7,203,078","2,092","75,312,139",10.55,10.60,10.35,10.40, ,0.0,10.40,71,10.45,117,0.00
428,2603,長榮,"161,741,357","42,776","6,198,753,600",38.45,38.85,37.80,38.05,-,0.35,38.00,527,38.05,42,17.14
429,2605,新興,"4,521,141","1,695","89,936,115",19.90,20.10,19.65,19.95, ,0.0,19.95,42,20.00,164,16.76
430,2606,裕民,"5,710,759","2,734","207,774,747",36.50,36.80,35.65,36.50,-,0.2,36.50,"1,589",36.55,11,28.29
431,2607,榮運,"2,908,903","1,186","50,880,642",17.60,17.65,17.35,17.35,-,0.5,17.35,105,17.40,8,24.10
432,2608,嘉里大榮,"64,931",75,"2,807,903",43.40,43.40,43.20,43.25,+,0.1,43.25,23,43.30,6,14.09
433,2609,陽明,"185,820,228","43,652","5,214,793,372",27.75,28.65,27.35,28.00,+,0.4,27.95,646,28.00,326,84.85
434,2610,華航,"154,304,230","30,938","2,161,861,371",14.05,14.25,13.80,13.80,-,0.45,13.80,"7,768",13.85,283,0.00
435,2611,志信,"799,603",284,"8,202,706",10.40,10.40,10.15,10.20,-,0.1,10.15,23,10.20,86,0.00
436,2612,中航,"510,383",342,"17,308,690",34.20,34.20,33.60,33.95,-,0.25,33.80,9,34.00,23,17.50
437,2613,中櫃,"162,626",130,"2,979,243",18.45,18.50,18.20,18.35,-,0.05,18.35,16,18.40,5,79.78
438,2614,東森,"1,360,240",571,"23,005,291",16.90,16.95,16.85,16.95,+,0.05,16.95,43,17.00,318,12.94
439,2615,萬海,"17,476,763","7,770","823,805,490",47.20,47.95,46.50,47.00,-,0.5,46.85,3,47.00,21,21.96
440,2616,山隆,"174,240",245,"5,665,623",32.50,32.55,32.45,32.50,+,0.05,32.45,15,32.50,20,12.26
441,2617,台航,"2,582,410",934,"51,897,698",20.45,20.50,19.90,20.15,-,0.3,20.10,46,20.15,44,16.79
442,2618,長榮航,"43,800,093","11,263","658,248,799",15.20,15.30,14.90,14.95,-,0.4,14.90,"2,023",14.95,390,0.00
443,2630,亞航,"30,420",28,"523,228",16.95,17.40,16.95,17.35,+,0.4,17.00,2,17.40,31,54.22
444,2633,台灣高鐵,"4,009,405","1,666","123,261,795",30.90,30.90,30.60,30.75, ,0.0,30.70,15,30.75,978,29.57
445,2634,漢翔,"3,238,237","1,880","95,515,257",29.90,29.90,29.30,29.35,-,0.4,29.35,16,29.40,11,38.62
446,2636,台驊投控,"12,284,940","6,899","586,490,488",48.10,49.50,46.60,47.90,+,0.2,47.75,2,47.90,64,10.35
447,2637,慧洋-KY,"3,066,141","1,375","88,032,801",28.65,28.85,28.50,28.85,+,0.2,28.85,13,28.90,139,192.33
448,2642,宅配通,"1,379,920",830,"45,180,205",32.50,33.10,32.45,32.90,-,0.65,32.90,28,33.00,1,15.02
449,2701,萬企,"544,493",179,"6,467,724",12.00,12.10,11.80,11.85,-,0.1,11.85,3,11.90,13,27.56
450,2702,華園,"86,500",75,"1,525,149",17.90,17.90,17.30,17.45,-,0.05,17.25,3,17.45,1,0.00
451,2704,國賓,"156,970",181,"4,796,417",31.00,31.00,30.05,30.25,-,0.5,30.25,29,30.30,5,112.04
452,2705,六福,"228,802",194,"4,968,046",21.70,21.85,21.70,21.75,+,0.05,21.70,13,21.75,41,0.00
453,2706,第一店,"51,060",67,"712,100",14.00,14.00,13.90,13.95, ,0.0,13.95,9,14.00,109,42.27
454,2707,晶華,"615,954",597,"94,133,527",155.00,155.00,151.50,152.00,-,2.5,152.00,9,152.50,9,25.38
455,2712,遠雄來,"78,000",68,"2,988,250",38.60,39.00,38.05,38.60, ,0.0,38.30,1,38.65,1,59.38
456,2722,夏都,"51,078",38,"1,563,593",31.35,31.35,30.10,30.30,-,0.65,30.25,1,30.40,1,38.35
457,2723,美食-KY,"670,209",540,"106,431,256",159.50,160.00,156.50,160.00,+,2.0,159.50,12,160.00,77,34.71
458,2727,王品,"2,037,042","1,817","339,215,267",167.50,168.50,163.50,168.00,-,0.5,167.50,2,168.00,38,52.01
459,2731,雄獅,"7,435,318","5,332","742,417,076",105.00,106.00,96.10,98.00,-,2.0,97.70,2,98.00,9,0.00
460,2739,寒舍,"240,100",137,"6,145,044",25.40,26.00,25.25,25.45,+,0.25,25.45,12,25.50,13,0.00
461,2748,雲品,"74,581",58,"3,284,442",43.95,44.20,43.85,44.15,-,0.1,44.10,2,44.15,7,31.09
462,2801,彰銀,"5,896,176","2,018","102,320,756",17.40,17.40,17.30,17.40,+,0.05,17.35,16,17.40,533,25.59
463,2809,京城銀,"1,179,125",689,"46,026,109",39.25,39.25,38.80,39.00,-,0.25,38.95,49,39.00,5,7.94
464,2812,台中銀,"9,876,094","3,901","113,305,584",11.45,11.55,11.40,11.50,+,0.05,11.45,280,11.50,"1,079",11.86
465,2816,旺旺保,"659,279",282,"14,032,449",21.35,21.40,21.10,21.25,-,0.1,21.25,9,21.30,5,7.04
466,2820,華票,"1,245,214",594,"19,307,606",15.50,15.55,15.45,15.50, ,0.0,15.45,189,15.50,3,13.14
467,2823,中壽,"12,261,840","3,872","290,793,035",23.60,23.90,23.50,23.80,+,0.2,23.75,21,23.80,322,7.23
468,2832,台產,"493,541",270,"10,511,256",21.50,21.50,21.15,21.40,-,0.05,21.35,6,21.40,40,11.38
469,2834,臺企銀,"15,415,717","3,869","149,402,646",9.66,9.71,9.65,9.70,+,0.07,9.69,27,9.70,182,15.16
470,2836,高雄銀,"1,181,287",425,"11,922,110",10.15,10.20,10.00,10.10,+,0.05,10.05,35,10.10,18,14.03
471,2836A,高雄銀甲特,"12,245",8,"278,573",22.75,22.75,22.75,22.75, ,0.0,22.70,12,22.80,1,0.00
472,2838,聯邦銀,"1,438,041",508,"15,549,557",10.85,10.90,10.75,10.80,-,0.05,10.80,6,10.85,98,10.59
473,2838A,聯邦銀甲特,"111,330",45,"5,874,548",52.60,52.80,52.60,52.80,+,0.1,52.80,13,52.90,37,0.00
474,2841,台開,"1,437,748",553,"9,988,155",6.97,6.98,6.93,6.93, ,0.0,6.93,38,6.95,45,0.00
475,2845,遠東銀,"2,645,356",914,"28,526,702",10.80,10.85,10.75,10.75,-,0.05,10.75,47,10.80,369,12.65
476,2849,安泰銀,"50,211",32,"753,618",15.25,15.25,14.95,15.05,-,0.05,15.00,9,15.05,22,14.75
477,2850,新產,"192,304",136,"7,590,457",39.90,39.90,39.30,39.50,-,0.35,39.45,1,39.50,6,7.38
478,2851,中再保,"583,720",407,"14,150,685",24.35,24.40,24.15,24.20,-,0.25,24.20,14,24.25,50,9.53
479,2852,第一保,"370,895",158,"5,013,084",13.50,13.60,13.45,13.50, ,0.0,13.50,69,13.55,25,12.50
480,2855,統一證,"2,612,569",904,"52,787,547",20.35,20.35,20.05,20.20,-,0.1,20.15,481,20.20,52,10.92
481,2867,三商壽,"4,256,442","1,079","36,739,011",8.65,8.66,8.59,8.64,+,0.03,8.63,35,8.64,112,9.00
482,2880,華南金,"10,433,610","4,968","190,420,332",18.25,18.30,18.20,18.30, ,0.0,18.25,118,18.30,"1,380",30.00
483,2881,富邦金,"38,119,976","11,175","2,046,349,629",53.60,54.00,53.20,54.00,+,0.3,53.90,155,54.00,"1,103",8.50
484,2881A,富邦特,"2,192,657",192,"136,014,352",62.00,62.10,62.00,62.10, ,0.0,62.00,592,62.10,408,0.00
485,2881B,富邦金乙特,"12,005",17,"744,612",62.00,62.10,62.00,62.10, ,0.0,62.00,30,62.10,60,0.00
486,2882,國泰金,"56,789,711","17,293","2,526,806,882",44.35,44.75,44.15,44.55,+,0.25,44.50,159,44.55,905,8.74
487,2882A,國泰特,"199,218",35,"12,311,446",61.80,61.80,61.70,61.80, ,0.0,61.70,176,61.80,101,0.00
488,2882B,國泰金乙特,"29,701",30,"1,844,947",62.10,62.30,62.00,62.30,X,0.0,62.00,5,62.20,6,0.00
489,2883,開發金,"93,167,708","15,533","912,468,008",9.78,9.84,9.75,9.80,+,0.1,9.80,526,9.81,"1,037",13.07
490,2884,玉山金,"41,284,489","13,981","1,072,264,207",25.95,26.20,25.85,26.00,+,0.3,25.95,383,26.00,"4,347",17.93
491,2885,元大金,"26,193,138","6,232","570,189,131",21.65,21.90,21.60,21.85,+,0.2,21.80,60,21.85,"1,902",11.62
492,2886,兆豐金,"27,346,457","10,510","835,745,433",30.60,30.65,30.40,30.60, ,0.0,30.55,159,30.60,854,16.54
493,2887,台新金,"16,421,647","3,624","217,323,926",13.20,13.30,13.15,13.20, ,0.0,13.20,"1,786",13.25,154,10.65
494,2887E,台新戊特,"99,718",32,"5,286,276",53.10,53.10,52.90,53.10,+,0.1,53.10,26,53.20,5,0.00
495,2887F,台新戊特二,"7,359",14,"380,516",51.70,51.80,51.70,51.80, ,0.0,51.70,1,51.80,20,0.00
496,2888,新光金,"121,953,752","15,216","1,067,277,416",8.79,8.79,8.70,8.76,+,0.09,8.75,439,8.76,568,8.11
497,2888A,新光金甲特,"50,416",36,"2,172,673",43.05,43.15,43.05,43.10,+,0.05,43.10,2,43.15,23,0.00
498,2888B,新光金乙特,"106,933",75,"4,480,530",41.95,41.95,41.85,41.90, ,0.0,41.90,48,41.95,52,0.00
499,2889,國票金,"23,296,581","6,488","350,165,815",14.70,15.20,14.70,15.15,+,0.5,15.10,469,15.15,703,14.71
500,2890,永豐金,"26,405,124","5,465","317,214,401",11.95,12.10,11.95,12.05,+,0.1,12.00,"2,303",12.05,753,11.16
501,2891,中信金,"53,403,957","14,178","1,129,091,708",21.10,21.30,21.00,21.20,+,0.1,21.15,462,21.20,"3,655",10.39
502,2891B,中信金乙特,"37,905",23,"2,409,155",62.80,63.70,62.80,63.70, ,0.0,63.20,2,63.60,20,0.00
503,2891C,中信金丙特,"36,602",23,"2,254,980",61.50,61.80,61.50,61.80, ,0.0,61.40,1,61.70,10,0.00
504,2892,第一金,"18,695,574","6,696","403,133,469",21.50,21.65,21.45,21.60,+,0.1,21.55,580,21.60,148,16.00
505,2897,王道銀行,"2,691,613",642,"18,783,838",6.98,7.01,6.95,6.97, ,0.0,6.96,24,6.97,27,19.91
506,2897A,王道銀甲特,"40,097",15,"408,989",10.20,10.20,10.20,10.20, ,0.0,10.15,122,10.20,5,0.00
507,2901,欣欣,"27,215",62,"653,328",24.05,24.10,23.90,23.90,-,0.15,23.90,3,24.00,3,77.10
508,2903,遠百,"884,064",490,"20,490,053",23.20,23.25,23.00,23.15,-,0.05,23.15,12,23.20,11,17.67
509,2904,匯僑,"121,115",89,"3,284,707",27.10,27.25,27.05,27.10, ,0.0,27.05,15,27.10,3,11.99
510,2905,三商,"826,997",458,"17,375,473",20.95,21.15,20.85,20.95,+,0.1,20.95,14,21.00,13,11.77
511,2906,高林,"278,430",110,"4,195,815",15.10,15.35,15.00,15.05,-,0.05,15.05,10,15.15,7,752.50
512,2908,特力,"101,191",55,"2,667,278",26.40,26.45,26.20,26.40,+,0.1,26.30,14,26.40,6,16.92
513,2910,統領,"14,017",17,"457,696",32.70,32.85,32.25,32.25,-,0.5,32.25,1,32.35,2,56.58
514,2911,麗嬰房,"217,870",205,"1,553,231",7.20,7.20,7.06,7.11,-,0.04,7.11,1,7.16,3,0.00
515,2912,統一超,"3,909,933","2,856","1,088,764,999",276.50,281.00,276.00,279.00,+,4.0,278.50,4,279.00,5,28.32
516,2913,農林,"997,361",489,"16,939,127",16.95,17.05,16.90,17.00,+,0.05,17.00,12,17.05,120,0.00
517,2915,潤泰全,"3,001,649","1,616","234,970,244",78.50,78.80,77.60,78.00,-,0.5,77.90,7,78.00,12,6.39
518,2923,鼎固-KY,"882,625",328,"33,348,976",35.95,39.50,35.80,39.05,+,3.1,39.05,4,39.35,2,0.00
519,2929,淘帝-KY,"2,435,314","1,111","33,636,827",14.10,14.50,13.40,13.40,-,0.15,13.35,39,13.40,3,0.00
520,2936,客思達-KY,"16,000",13,"316,550",20.00,20.00,19.70,19.80,-,0.2,19.70,2,19.75,3,14.89
521,2939,凱羿-KY,"89,000",54,"3,096,900",36.00,36.00,34.00,34.00,-,2.4,34.00,3,34.05,3,0.00
522,3002,歐格,"130,177",71,"1,490,985",11.55,11.55,11.40,11.40, ,0.0,11.40,1,11.45,6,17.01
523,3003,健和興,"1,097,403",802,"59,558,817",54.20,55.10,53.70,53.90,+,0.5,53.90,11,54.00,2,23.33
524,3004,豐達科,"203,045",192,"12,313,156",60.00,61.70,59.80,61.50,+,1.7,61.50,4,61.70,2,53.95
525,3005,神基,"4,750,594","2,552","292,639,570",61.60,62.40,60.80,61.90,+,0.1,61.90,11,62.00,160,14.16
526,3006,晶豪科,"16,152,874","9,445","1,383,933,046",86.50,87.40,84.20,84.50,-,0.6,84.50,56,84.60,8,21.34
527,3008,大立光,"882,615","4,272","3,077,292,650","3,530.00","3,550.00","3,435.00","3,435.00",-,90.0,"3,435.00",6,"3,440.00",1,18.78
528,3010,華立,"444,195",426,"35,180,258",79.00,79.50,78.70,79.40,+,0.7,79.30,9,79.40,30,10.63
529,3011,今皓,"465,042",116,"3,112,377",6.76,6.80,6.65,6.66,-,0.1,6.66,1,6.69,3,0.00
530,3013,晟銘電,"504,403",207,"7,076,422",14.10,14.15,13.90,13.90,-,0.3,13.90,21,14.00,8,13.37
531,3014,聯陽,"4,317,263","3,272","376,139,483",87.70,88.50,86.30,86.60,-,0.6,86.60,9,86.70,1,14.91
532,3015,全漢,"1,490,453",956,"69,913,207",47.10,47.50,46.50,46.60,-,0.3,46.60,3,46.65,1,15.03
533,3016,嘉晶,"802,088",532,"54,152,445",67.80,68.00,67.00,67.40,+,0.3,67.30,4,67.40,8,0.00
534,3017,奇鋐,"4,166,643","2,806","256,348,140",62.20,62.40,61.10,61.30,-,0.1,61.30,254,61.40,5,12.82
535,3018,同開,"95,693",122,"1,523,015",16.00,16.00,15.80,15.80,-,0.1,15.75,5,15.90,12,0.00
536,3019,亞光,"10,551,748","7,262","954,129,140",90.00,91.50,89.50,90.40,+,1.2,90.40,12,90.50,27,82.94
537,3021,鴻名,"155,999",74,"2,433,283",15.75,15.75,15.55,15.60, ,0.0,15.50,18,15.65,5,14.05
538,3022,威強電,"290,744",230,"15,614,331",53.70,54.30,53.30,53.60,-,0.1,53.50,7,53.60,2,13.67
539,3023,信邦,"1,199,639","1,099","322,604,509",262.50,271.50,262.50,270.00,+,8.0,270.00,43,270.50,12,32.22
540,3024,憶聲,"7,352,280","1,969","82,137,128",10.60,11.50,10.55,11.00,+,0.45,11.00,50,11.15,5,47.83
541,3025,星通,"14,498,717","7,289","475,975,398",32.10,33.55,31.95,33.50,+,1.4,33.45,1,33.50,280,30.73
542,3026,禾伸堂,"570,176",484,"66,313,742",116.00,117.00,115.50,117.00,+,2.0,116.50,8,117.00,55,14.08
543,3027,盛達,"2,450,561","1,173","54,946,609",21.75,23.00,21.60,22.75,+,0.95,22.75,26,22.80,98,49.46
544,3028,增你強,"4,082,164","1,757","99,531,000",24.30,24.60,24.20,24.50,+,0.2,24.45,22,24.50,249,14.76
545,3029,零壹,"1,965,953","1,229","86,839,423",44.50,44.80,43.85,43.95,+,0.05,43.95,23,44.00,22,12.49
546,3030,德律,"336,563",298,"19,440,049",58.00,58.10,57.50,57.80,-,0.2,57.70,16,57.90,13,12.48
547,3031,佰鴻,"284,200",165,"4,516,270",15.95,16.05,15.80,15.80,-,0.05,15.80,27,15.85,24,19.27
548,3032,偉訓,"1,136,692",734,"53,056,636",46.70,47.35,46.35,46.45,-,1.05,46.40,58,46.45,6,11.61
549,3033,威健,"816,642",462,"15,947,190",19.60,19.60,19.45,19.55,-,0.05,19.50,7,19.55,33,12.86
550,3034,聯詠,"6,894,514","5,779","3,313,318,318",486.50,486.50,475.50,477.00,+,3.5,477.00,46,477.50,24,24.56
551,3035,智原,"1,575,099","1,259","78,811,114",49.95,50.30,49.70,50.10,+,0.6,50.10,10,50.20,32,46.39
552,3036,文曄,"1,564,156",835,"70,425,452",45.00,45.20,44.90,45.00,+,0.15,44.95,5,45.00,65,10.95
553,3036A,文曄甲特,"339,776",77,"16,139,882",47.55,47.55,47.45,47.50,-,0.05,47.50,12,47.55,2,0.00
554,3037,欣興,"22,306,922","13,900","1,978,585,916",87.70,89.70,87.60,88.70,+,2.1,88.60,115,88.70,20,23.84
555,3038,全台,"2,031,035",808,"39,571,826",19.50,19.65,19.35,19.40,+,0.05,19.40,28,19.45,27,12.12
556,3040,遠見,"455,218",292,"20,294,598",44.80,45.00,44.15,44.90,+,0.05,44.85,1,44.90,2,7.43
557,3041,揚智,"2,854,828","1,492","77,411,420",27.10,27.35,26.85,27.25,+,0.5,27.25,2,27.30,13,0.00
558,3042,晶技,"6,388,134","4,051","607,322,959",94.20,96.00,93.70,95.10,+,2.3,95.10,87,95.20,3,23.25
559,3043,科風,"551,396",176,"2,445,114",4.60,4.60,4.36,4.36,-,0.19,4.35,13,4.36,86,0.00
560,3044,健鼎,"3,406,174","2,265","460,526,331",136.00,136.50,134.50,135.00, ,0.0,135.00,95,135.50,10,11.59
561,3045,台灣大,"3,289,110","2,256","325,328,019",98.80,99.20,98.60,99.20,+,0.6,99.10,1,99.20,28,23.02
562,3046,建碁,"168,075",129,"2,703,487",16.40,16.60,15.75,16.00,-,0.75,16.00,8,16.15,1,0.00
563,3047,訊舟,"2,882,126","1,118","36,946,715",12.45,13.10,12.35,13.10,+,0.7,13.05,3,13.10,26,22.59
564,3048,益登,"10,503,737","4,826","269,830,786",26.45,26.50,25.20,25.60,-,0.85,25.55,23,25.60,16,10.62
565,3049,和鑫,"3,263,293",936,"34,977,564",10.75,10.85,10.60,10.60,-,0.1,10.60,136,10.65,4,23.56
566,3050,鈺德,"3,549,747","1,402","62,922,297",17.00,18.10,17.00,17.65,+,0.8,17.60,26,17.65,98,28.93
567,3051,力特,"360,720",145,"2,488,279",6.95,7.00,6.82,6.95,-,0.01,6.90,5,6.95,37,0.00
568,3052,夆典,"739,188",305,"9,864,898",13.40,13.45,13.25,13.30, ,0.0,13.30,12,13.35,41,5.06
569,3054,立萬利,"10,009",13,"223,148",22.30,22.30,22.25,22.25,+,0.2,22.00,1,22.15,2,0.00
570,3055,蔚華科,"193,831",173,"5,910,877",30.40,30.75,30.20,30.60,+,0.2,30.55,11,30.60,2,76.50
571,3056,總太,"402,772",334,"16,192,911",40.10,40.50,40.10,40.20, ,0.0,40.20,22,40.25,12,32.68
572,3057,喬鼎,"96,204",260,"979,701",10.20,10.25,10.10,10.15,+,0.05,10.10,19,10.15,4,0.00
573,3058,立德,"1,404,976",693,"18,430,138",13.20,13.25,13.00,13.05,+,0.05,13.05,3,13.10,38,0.00
574,3059,華晶科,"1,647,441","1,093","57,001,690",34.40,34.90,34.30,34.50,+,0.4,34.50,22,34.55,11,75.00
575,3060,銘異,"452,695",372,"6,507,857",14.30,14.45,14.30,14.35,+,0.15,14.35,8,14.40,11,0.00
576,3062,建漢,"2,376,828","1,087","46,834,815",19.70,19.95,19.40,19.60, ,0.0,19.60,1,19.65,21,0.00
577,3090,日電貿,"1,480,604",970,"78,770,366",53.60,53.90,52.70,53.00,-,0.6,53.00,48,53.10,16,17.15
578,3094,聯傑,"5,241,883","2,844","147,948,805",28.20,28.95,27.45,28.80,+,0.6,28.70,1,28.80,3,70.24
579,3130,一零四,"9,329",25,"1,543,842",166.50,166.50,163.00,164.00,-,3.5,163.00,1,165.00,1,21.03
580,3138,耀登,"968,496","2,715","452,468,856",491.50,498.00,442.50,454.00,-,30.0,453.50,3,454.00,2,213.15
581,3149,正達,"1,991,307","1,163","56,663,343",28.85,28.95,28.05,28.05,-,0.55,28.05,73,28.10,3,0.00
582,3164,景岳,"85,216",92,"1,952,826",22.65,23.10,22.65,23.00,+,0.25,23.00,12,23.10,5,40.35
583,3167,大量,"395,229",294,"22,115,320",55.90,56.60,55.50,56.30, ,0.0,56.10,12,56.30,4,10.76
584,3189,景碩,"9,465,852","6,768","883,664,634",90.50,95.40,90.40,94.90,+,5.3,94.80,5,94.90,104,79.08
585,3209,全科,"1,174,177",690,"29,375,489",25.15,25.20,24.90,25.05,-,0.1,25.05,26,25.10,53,10.80
586,3229,晟鈦,"92,064",90,"579,118",6.46,6.48,6.20,6.38,-,0.06,6.30,1,6.38,2,0.00
587,3231,緯創,"11,440,770","4,634","368,503,342",32.30,32.45,32.05,32.10,+,0.1,32.10,68,32.15,157,9.73
588,3257,虹冠電,"448,866",432,"37,280,426",83.70,84.20,82.30,82.60,-,0.5,82.60,54,82.70,11,24.95
589,3266,昇陽,"75,000",45,"1,041,350",13.95,14.00,13.80,13.90,-,0.05,13.85,1,13.90,5,32.33
590,3296,勝德,"84,000",51,"1,725,350",20.75,20.75,20.45,20.60,+,0.1,20.45,14,20.60,14,343.33
591,3305,昇貿,"1,330,698",857,"51,306,001",39.25,39.25,38.20,38.50,+,0.1,38.50,1,38.55,1,38.12
592,3308,聯德,"122,627",78,"858,427",7.13,7.21,6.93,7.05,-,0.07,7.05,1,7.15,4,0.00
593,3311,閎暉,"137,864",122,"4,360,285",31.25,32.00,31.25,31.55,+,0.3,31.50,1,31.55,15,0.00
594,3312,弘憶股,"2,115,540","1,004","37,632,561",17.85,18.20,17.45,17.55,+,0.05,17.50,192,17.55,2,15.13
595,3321,同泰,"249,935",144,"3,307,832",13.45,13.45,13.05,13.30, ,0.0,13.15,17,13.30,7,0.00
596,3338,泰碩,"785,844",680,"47,499,564",59.50,60.90,59.30,60.50,+,1.5,60.30,10,60.50,7,23.63
597,3346,麗清,"6,577,783","4,165","326,035,640",49.10,50.90,48.60,49.50,-,0.05,49.40,4,49.50,4,0.00
598,3356,奇偶,"168,857",163,"4,579,755",27.10,27.35,27.05,27.10,+,0.2,27.05,26,27.10,2,60.22
599,3376,新日興,"563,627",492,"71,238,617",127.50,128.00,125.50,126.00,-,1.0,125.50,79,126.50,8,15.48
600,3380,明泰,"1,905,749","1,270","67,737,228",35.70,35.90,35.30,35.35,-,0.05,35.35,59,35.45,17,49.10
601,3383,新世紀,"17,251",12,"66,993",3.94,4.22,3.81,3.82,-,0.13,3.83,4,3.94,3,0.00
602,3406,玉晶光,"2,519,419","2,542","1,229,715,165",493.00,497.00,483.50,485.00,-,6.5,485.00,18,485.50,4,17.69
603,3413,京鼎,"1,807,579","1,487","396,824,479",224.00,225.00,217.00,218.00,-,1.0,218.00,5,218.50,2,14.63
604,3416,融程電,"257,414",130,"19,663,560",76.70,76.90,75.80,76.40,+,0.2,76.30,5,76.40,2,21.64
605,3419,譁裕,"951,780",497,"19,564,462",20.60,20.80,20.35,20.55,+,0.15,20.55,57,20.60,32,93.41
606,3432,台端,"522,000",178,"6,768,200",12.75,13.40,12.70,13.00,+,0.3,13.00,13,13.05,18,26.53
607,3437,榮創,"2,710,886","1,638","87,476,045",32.35,33.00,31.70,31.90, ,0.0,31.90,50,32.00,11,0.00
608,3443,創意,"2,196,954","2,130","881,845,027",410.00,410.00,396.00,396.50,-,3.0,396.50,14,397.00,13,62.54
609,3450,聯鈞,"1,196,092",929,"77,544,762",64.40,65.20,64.30,64.80,+,0.8,64.80,1,64.90,17,39.51
610,3454,晶睿,"146,962",126,"12,204,515",83.40,83.60,82.70,83.40, ,0.0,83.30,1,83.40,11,28.96
611,3481,群創,"209,197,575","35,662","3,513,319,162",17.00,17.10,16.50,16.50,-,0.2,16.50,"5,905",16.55,333,0.00
612,3494,誠研,"189,109",120,"806,191",4.24,4.35,4.24,4.25,+,0.02,4.24,2,4.25,2,0.00
613,3501,維熹,"384,614",230,"21,245,579",55.20,55.60,54.90,55.40,+,0.7,55.30,1,55.50,15,14.28
614,3504,揚明光,"2,441,261","1,999","162,722,151",64.00,68.50,63.60,65.70,+,2.4,65.70,5,65.90,2,0.00
615,3515,華擎,"286,557",230,"43,792,799",153.50,153.50,152.00,152.50,+,1.5,152.50,14,153.00,5,13.50
616,3518,柏騰,"488,243",204,"15,555,809",31.70,32.40,31.50,31.80,+,0.1,31.70,1,31.80,6,0.00
617,3528,安馳,"57,324",47,"2,511,146",44.00,44.00,43.70,43.70,-,0.05,43.70,3,43.75,4,13.12
618,3530,晶相光,"342,984",305,"37,576,789",109.50,110.50,109.00,109.00,+,0.5,109.00,8,109.50,4,40.82
619,3532,台勝科,"619,953",540,"85,505,244",138.50,140.00,136.50,137.00,+,0.5,136.50,23,137.00,6,44.77
620,3533,嘉澤,"792,023",767,"395,925,335",493.50,508.00,493.50,500.00,+,10.0,497.00,6,500.00,9,19.25
621,3535,晶彩科,"274,040",156,"5,271,934",19.15,19.35,19.10,19.25,+,0.1,19.25,21,19.30,30,0.00
622,3536,誠創,"37,339",16,"180,568",4.54,4.95,4.54,4.95,+,0.03,4.92,4,4.95,19,0.00
623,3543,州巧,"132,000",53,"3,905,300",29.50,30.00,29.50,29.90, ,0.0,29.80,3,29.90,20,67.95
624,3545,敦泰,"27,066,696","15,476","2,821,341,913",105.00,107.50,100.50,102.00,+,2.0,102.00,37,102.50,113,42.15
625,3550,聯穎,"282,513",234,"4,342,322",15.50,15.50,15.25,15.25, ,0.0,15.25,8,15.30,27,20.07
626,3557,嘉威,"953,317",885,"90,908,715",92.00,97.50,91.90,95.00,+,4.5,95.00,43,95.50,7,9.78
627,3563,牧德,"204,112",219,"55,788,082",274.00,275.50,272.00,272.00,-,1.5,272.00,11,273.00,2,18.43
628,3576,聯合再生,"48,001,820","12,771","682,899,709",13.90,14.50,13.85,14.20,+,0.5,14.20,558,14.25,142,0.00
629,3583,辛耘,"213,172",167,"13,274,200",61.40,63.00,61.40,62.40,+,1.3,62.40,14,62.50,7,16.42
630,3588,通嘉,"715,041",530,"42,501,069",59.20,60.20,58.90,59.20,+,0.2,59.20,1,59.30,2,61.67
631,3591,艾笛森,"455,268",294,"8,419,023",18.85,18.95,18.25,18.40,-,0.1,18.40,7,18.50,1,52.57
632,3593,力銘,"164,796",149,"2,176,977",12.90,13.50,12.90,13.40,+,0.3,13.35,3,13.40,1,"1,340.00"
633,3596,智易,"3,324,672","2,506","318,745,448",94.30,96.80,94.10,96.50,+,3.0,96.40,18,96.50,119,13.83
634,3605,宏致,"2,144,634","1,365","96,686,304",44.40,45.80,44.05,45.25,+,1.55,45.20,10,45.25,112,18.78
635,3607,谷崧,"116,199",105,"1,604,125",13.85,13.90,13.70,13.80,+,0.05,13.80,1,13.90,22,0.00
636,3617,碩天,"53,023",45,"4,367,611",83.00,83.00,82.10,82.50,-,0.5,82.50,12,82.60,1,24.48
637,3622,洋華,"1,012,372",656,"32,779,540",32.60,33.00,31.85,32.00,-,0.3,32.00,13,32.20,3,26.67
638,3645,達邁,"2,424,588","1,527","132,084,858",53.50,55.20,53.50,54.70,+,2.3,54.60,11,54.70,80,19.89
639,3653,健策,"1,596,732","1,319","473,598,084",290.50,302.00,290.50,299.00,+,11.5,298.00,3,299.00,2,39.24
640,3661,世芯-KY,"2,575,100","2,604","2,169,416,618",860.00,864.00,826.00,830.00,-,15.0,830.00,49,831.00,1,69.34
641,3665,貿聯-KY,"1,851,638","1,719","514,354,844",278.00,283.50,272.50,273.00,+,2.5,272.50,24,273.00,65,20.59
642,3669,圓展,"1,264,118",860,"95,255,177",75.30,76.00,74.40,75.70,+,1.3,75.50,13,75.70,9,8.93
643,3673,TPK-KY,"7,362,472","4,422","372,926,403",51.70,51.90,50.00,50.30,-,1.0,50.30,111,50.40,14,29.59
644,3679,新至陞,"2,015,153","1,736","297,706,509",147.50,153.50,142.50,143.50,-,2.5,143.50,6,144.00,4,12.44
645,3682,亞太電,"3,645,769","1,250","35,084,294",9.64,9.68,9.59,9.59,-,0.02,9.59,115,9.60,24,0.00
646,3686,達能,"2,982,881","1,634","53,801,455",17.65,18.75,17.15,18.10,+,0.6,18.05,24,18.10,11,0.00
647,3694,海華,"350,053",229,"9,657,196",27.60,27.80,27.40,27.70,+,0.2,27.65,6,27.75,8,16.01
648,3701,大眾控,"6,380",20,"87,534",13.70,13.75,13.70,13.75,+,0.1,13.75,2,13.80,1,0.00
649,3702,大聯大,"2,066,488","1,406","93,664,102",45.35,45.50,45.10,45.35,+,0.35,45.25,4,45.35,18,10.95
650,3702A,大聯大甲特,"69,020",36,"3,440,497",49.85,49.85,49.80,49.85, ,0.0,49.80,65,49.85,3,0.00
651,3703,欣陸,"3,546,984","1,587","83,104,002",23.45,23.90,23.20,23.25,-,0.2,23.25,98,23.30,4,19.54
652,3704,合勤控,"6,657,556","3,505","227,849,378",33.60,34.70,33.45,34.30,+,1.2,34.25,15,34.30,104,71.46
653,3705,永信,"113,039",114,"5,007,746",44.40,44.40,44.15,44.35, ,0.0,44.35,5,44.40,11,14.08
654,3706,神達,"13,353,242","5,941","383,397,326",28.65,28.90,28.50,28.80,+,0.35,28.80,13,28.85,82,11.80
655,3708,上緯投控,"1,402,718","1,132","210,371,571",147.50,151.50,147.50,151.00,+,4.0,150.50,17,151.00,3,15.81
656,3711,日月光投控,"18,337,320","8,787","1,868,830,851",103.00,103.50,100.00,101.00, ,0.0,100.50,"1,091",101.00,536,15.66
657,3712,永崴投控,"549,325",322,"15,962,487",28.70,29.35,28.70,28.85,+,0.15,28.85,6,28.90,20,0.00
658,3714,富采,"4,951,736","3,282","409,377,647",83.40,83.40,82.30,82.50,+,0.2,82.50,23,82.60,17,0.00
659,4104,佳醫,"290,103",231,"16,284,433",56.10,56.30,55.90,56.10, ,0.0,56.00,5,56.20,14,14.53
660,4106,雃博,"236,150",217,"6,162,180",25.80,26.40,25.75,26.15,+,0.4,26.05,5,26.15,4,23.99
661,4108,懷特,"1,027,154",652,"29,627,906",29.05,29.30,28.60,28.60,-,0.3,28.60,59,28.70,1,0.00
662,4119,旭富,"283,793",302,"25,945,540",91.60,92.50,91.00,91.00,-,0.6,91.00,15,91.10,1,9.93
663,4133,亞諾法,"762,244",589,"41,008,417",53.80,54.60,53.10,53.20, ,0.0,53.20,10,53.30,1,110.83
664,4137,麗豐-KY,"359,947",327,"79,747,957",226.00,227.50,218.00,220.00,-,5.5,220.00,7,220.50,2,17.19
665,4141,龍燈-KY,"163,884",100,"1,971,430",12.20,12.20,11.90,11.95,-,0.1,11.95,1,12.05,12,0.00
666,4142,國光生,"8,288,024","4,958","478,986,525",57.10,58.90,56.80,57.20,+,0.5,57.20,50,57.30,9,0.00
667,4148,全宇生技-KY,"39,003",32,"1,373,457",34.95,35.65,34.90,35.20,+,0.3,35.15,3,35.20,2,46.93
668,4155,訊映,"176,279",143,"4,725,381",26.95,26.95,26.65,26.70,-,0.25,26.70,4,26.75,2,19.63
669,4164,承業醫,"181,158",141,"6,834,795",37.40,37.95,37.35,37.60,+,0.2,37.60,14,37.70,1,14.30
670,4190,佐登-KY,"110,176",103,"10,128,493",91.90,92.80,91.50,91.60, ,0.0,91.60,2,91.80,7,19.70
671,4306,炎洲,"3,188,654","1,059","49,177,125",15.30,15.55,15.30,15.40,+,0.2,15.40,84,15.45,161,10.07
672,4414,如興,"726,859",302,"6,993,947",9.65,9.72,9.58,9.58,-,0.04,9.58,26,9.59,1,0.00
673,4426,利勤,"133,607",108,"3,521,919",26.35,26.50,26.15,26.45,+,0.2,26.45,3,26.50,6,0.00
674,4438,廣越,"163,582",159,"19,640,003",120.50,121.00,119.50,120.00,-,1.0,119.50,26,120.00,3,25.70
675,4439,冠星-KY,"14,000",11,"2,197,500",156.50,157.00,156.50,157.00,+,1.0,157.00,2,157.50,10,13.48
676,4526,東台,"288,463",207,"4,434,850",15.45,15.45,15.30,15.45,+,0.15,15.40,1,15.45,27,0.00
677,4532,瑞智,"1,124,779",499,"24,505,860",21.80,22.00,21.60,21.85,+,0.15,21.85,8,21.90,20,16.68
678,4536,拓凱,"175,202",165,"29,514,870",170.50,171.00,167.00,167.00,-,2.0,167.00,15,168.00,26,24.31
679,4540,全球傳動,"533,515",399,"32,431,998",61.80,62.00,60.20,60.30,-,0.8,60.30,2,60.40,3,402.00
680,4545,銘鈺,"31,001",20,"909,429",29.35,29.50,29.25,29.30,-,0.05,29.25,8,29.30,9,139.52
681,4551,智伸科,"793,064",716,"140,652,404",176.50,180.00,175.50,178.00,+,2.5,177.00,3,178.50,2,35.39
682,4552,力達-KY,"411,300",285,"14,615,426",36.00,36.00,35.20,35.40,-,0.15,35.30,10,35.40,4,14.69
683,4555,氣立,"767,348",514,"46,723,237",62.00,62.80,59.10,61.20,-,0.3,61.20,4,61.50,1,36.21
684,4557,永新-KY,"14,033",44,"897,331",63.90,64.20,63.80,63.80,-,0.1,63.80,3,64.00,3,16.75
685,4560,強信-KY,"172,000",56,"7,379,650",43.00,43.10,42.70,42.70,-,0.3,42.70,3,43.00,2,20.53
686,4562,穎漢,"647,197",402,"15,723,309",25.15,25.40,23.90,24.00,-,0.95,24.00,1,24.15,5,0.00
687,4564,元翎,"726,449",463,"26,176,648",36.50,36.60,35.80,35.85,-,0.4,35.85,14,35.95,2,25.61
688,4566,時碩工業,"257,617",197,"15,698,683",61.60,61.90,60.00,60.30,-,1.3,60.30,3,60.60,4,43.38
689,4571,鈞興-KY,"262,727",228,"45,579,852",177.00,177.00,171.50,172.00,+,0.5,172.00,6,173.00,4,35.03
690,4572,駐龍,"122,606",111,"11,731,757",98.00,98.00,94.10,94.40,-,0.7,94.30,2,94.40,1,50.75
691,4576,大銀微系統,"1,324,035","1,198","208,958,653",159.00,161.00,156.00,156.50, ,0.0,156.50,12,157.00,2,226.81
692,4581,光隆精密-KY,"54,000",47,"2,123,500",39.00,39.90,38.50,39.15,+,0.35,39.10,2,39.55,3,17.88
693,4720,德淵,"868,692",479,"13,838,338",15.70,16.10,15.70,15.85,+,0.4,15.85,12,15.90,15,27.81
694,4722,國精化,"1,225,939",338,"38,068,017",31.15,31.75,30.60,31.60,+,0.4,31.55,8,31.60,20,10.97
695,4737,華廣,"216,774",178,"18,261,454",83.80,84.90,83.80,84.20,+,0.6,84.00,1,84.20,3,69.02
696,4739,康普,"989,667",719,"71,195,652",72.80,73.40,71.10,71.10,-,1.0,71.10,9,71.40,1,40.40
697,4746,台耀,"2,007,258","1,308","101,828,148",51.10,51.80,49.90,50.60,-,0.9,50.60,1,50.70,35,13.71
698,4755,三福化,"146,576",122,"9,385,721",63.50,64.60,63.50,64.10,+,0.8,64.00,1,64.10,4,14.91
699,4763,材料-KY,"243,987",220,"32,303,937",132.00,133.50,131.50,131.50, ,0.0,131.50,17,132.00,4,16.14
700,4764,雙鍵,"35,232",30,"2,286,380",65.80,65.80,64.60,64.60,-,0.8,64.60,3,65.00,10,102.54
701,4766,南寶,"113,041",88,"17,634,793",156.00,157.50,155.00,157.00,+,1.5,156.50,2,157.00,1,15.67
702,4807,日成-KY,"13,044",43,"340,039",26.00,26.40,26.00,26.00, ,0.0,25.60,2,26.00,4,9.22
703,4904,遠傳,"5,187,522","2,856","326,846,805",63.00,63.30,62.60,63.30,+,0.4,63.20,11,63.30,15,23.98
704,4906,正文,"9,626,031","4,118","304,139,775",31.55,31.90,31.35,31.50,+,0.35,31.45,85,31.50,34,9.57
705,4912,聯德控股-KY,"361,512",274,"55,452,494",154.50,156.00,151.50,151.50,-,2.0,151.50,27,152.00,1,18.23
706,4915,致伸,"10,299,545","6,297","654,694,369",61.90,64.40,61.60,64.20,+,2.3,64.10,36,64.20,99,15.07
707,4916,事欣科,"181,639",155,"4,328,116",24.30,24.30,23.65,23.70,-,0.25,23.65,13,23.70,1,0.00
708,4919,新唐,"1,715,618","1,156","75,568,622",44.15,44.45,43.80,43.90,+,0.1,43.90,13,43.95,3,30.92
709,4927,泰鼎-KY,"1,925,399","1,546","130,441,580",68.00,68.50,67.20,67.70,+,0.7,67.70,3,67.80,9,12.40
710,4930,燦星網,"1,801,061",548,"37,610,081",21.25,21.45,20.60,20.80,-,0.45,20.70,1,20.80,1,14.96
711,4934,太極,"4,960,924","2,719","141,650,155",28.25,29.65,27.70,28.55,-,0.1,28.55,24,28.60,2,0.00
712,4935,茂林-KY,"1,211,925",883,"127,679,929",106.00,106.50,104.50,104.50, ,0.0,104.50,38,105.00,2,10.10
713,4938,和碩,"9,461,920","5,010","701,503,557",73.70,74.80,73.50,73.90,+,1.1,73.90,168,74.00,62,8.16
714,4942,嘉彰,"368,802",219,"14,482,036",39.35,39.45,39.15,39.45,+,0.45,39.40,14,39.45,4,8.95
715,4943,康控-KY,"584,778",472,"47,025,631",81.10,81.50,80.00,80.00,-,0.3,80.00,46,80.40,1,108.11
716,4952,凌通,"471,740",349,"21,433,505",45.55,45.90,45.15,45.20, ,0.0,45.20,9,45.25,7,17.45
717,4956,光鋐,"16,350,803","7,424","382,897,780",23.60,24.05,22.90,23.00,+,0.35,23.00,105,23.05,10,143.75
718,4958,臻鼎-KY,"2,882,391","1,500","342,943,333",119.00,120.00,118.00,119.50,+,1.5,119.00,32,119.50,21,14.45
719,4960,誠美材,"3,959,912",957,"44,519,137",11.25,11.35,11.15,11.30,+,0.15,11.25,7,11.30,411,0.00
720,4961,天鈺,"57,711,697","37,280","12,021,119,329",205.00,218.00,194.50,199.00,-,4.5,199.00,11,199.50,13,120.61
721,4967,十銓,"3,112,602","1,985","157,414,388",50.40,51.20,50.10,50.60,+,1.0,50.60,50,50.70,15,39.53
722,4968,立積,"3,284,181","2,948","1,809,404,421",552.00,559.00,545.00,548.00,+,6.0,547.00,24,549.00,90,39.97
723,4976,佳凌,"10,379,718","6,302","1,113,373,220",110.00,110.50,105.00,105.00,-,1.5,105.00,125,105.50,2,0.00
724,4977,眾達-KY,"413,162",320,"45,052,663",110.00,110.00,108.50,108.50,-,0.5,108.50,17,109.50,43,16.15
725,4989,榮科,"308,000",139,"7,711,150",25.05,25.35,24.85,25.00,+,0.1,25.00,8,25.10,3,357.14
726,4994,傳奇,"61,122",55,"4,674,890",78.10,78.10,76.10,76.10,-,0.4,76.10,6,76.70,2,19.46
727,4999,鑫禾,"3,805,975","2,589","217,285,117",58.40,58.80,55.90,56.80,-,0.7,56.80,4,56.90,9,10.04
728,5007,三星,"593,352",219,"34,211,264",57.00,58.20,57.00,58.00,+,1.0,58.00,34,58.10,3,29.90
729,5203,訊連,"90,063",117,"8,867,997",98.00,98.90,98.00,98.20,+,1.1,98.20,1,98.40,7,41.97
730,5215,科嘉-KY,"199,440",180,"26,438,553",133.00,134.00,131.50,131.50,-,1.0,131.00,22,131.50,3,13.68
731,5225,東科-KY,"91,002",32,"2,261,203",25.00,25.00,24.80,24.80,-,0.1,24.80,4,24.85,1,0.00
732,5234,達興材料,"60,401",63,"5,468,716",90.50,91.00,90.40,90.50, ,0.0,90.40,7,90.50,1,14.72
733,5243,乙盛-KY,"7,798,377","4,869","525,776,603",68.00,68.80,66.10,66.10,-,1.2,66.10,56,66.20,9,25.33
734,5258,虹堡,"46,100",24,"989,620",21.50,21.55,21.40,21.50,+,0.1,21.50,2,21.55,2,6.01
735,5269,祥碩,"872,389","1,112","1,428,958,060","1,640.00","1,675.00","1,610.00","1,620.00",+,25.0,"1,620.00",6,"1,625.00",4,46.05
736,5283,禾聯碩,"272,188",271,"39,894,259",145.50,148.00,145.00,147.00,+,1.5,146.50,3,147.00,28,11.76
737,5284,jpp-KY,"131,495",86,"5,294,815",40.35,40.70,39.90,40.10,+,0.75,40.10,2,40.35,1,18.74
738,5285,界霖,"498,260",367,"34,789,155",68.60,71.00,68.30,69.50,+,1.2,69.50,10,70.60,2,79.89
739,5288,豐祥-KY,"233,281",190,"30,337,938",134.00,134.00,128.00,128.00,-,5.0,127.50,15,128.00,6,15.24
740,5388,中磊,"1,367,489",926,"97,551,776",71.90,72.10,70.70,71.00,-,0.3,70.90,18,71.00,34,18.54
741,5434,崇越,"479,000",417,"57,330,018",120.00,120.50,119.00,120.00,+,0.5,119.50,32,120.00,23,11.34
742,5469,瀚宇博,"5,159,329","2,860","241,181,069",46.80,47.15,46.35,46.45,+,0.25,46.45,41,46.50,15,8.45
743,5471,松翰,"6,734,857","4,212","578,248,300",85.90,86.40,85.00,86.30,+,1.0,86.20,4,86.30,28,14.12
744,5484,慧友,"142,478",118,"2,236,471",16.00,16.10,15.55,15.60,-,0.4,15.60,15,15.70,1,0.00
745,5515,建國,"449,915",194,"5,890,595",13.15,13.25,13.00,13.10,-,0.05,13.05,18,13.10,29,11.01
746,5519,隆大,"1,450,027",470,"25,474,526",17.80,17.80,17.40,17.40,-,0.45,17.35,29,17.40,39,11.15
747,5521,工信,"5,352,370","1,637","57,344,654",10.90,10.90,10.60,10.75,-,0.15,10.75,44,10.80,111,3.50
748,5522,遠雄,"644,607",519,"34,565,192",54.50,54.50,53.20,53.60,-,0.6,53.50,26,53.60,3,13.14
749,5525,順天,"30,598",16,"662,057",21.75,21.75,21.55,21.55,-,0.05,21.60,2,21.65,8,50.12
750,5531,鄉林,"7,625,246","3,030","119,474,184",15.50,16.10,15.30,15.30, ,0.0,15.30,171,15.35,2,38.25
751,5533,皇鼎,"220,000",98,"3,663,100",16.60,16.80,16.50,16.65,+,0.1,16.50,27,16.65,19,48.97
752,5534,長虹,"441,174",395,"36,891,541",84.20,84.40,83.10,83.50,-,0.4,83.30,13,83.50,2,9.82
753,5538,東明-KY,"3,000",3,"113,500",37.70,37.90,37.70,37.90,+,0.3,37.80,3,38.35,1,13.93
754,5546,永固-KY,"326,090",152,"27,200,315",83.90,83.90,82.70,83.50,+,0.1,83.50,43,83.60,1,12.30
755,5607,遠雄港,"412,208",199,"11,686,620",28.30,28.50,28.15,28.35,+,0.1,28.30,27,28.35,33,19.55
756,5608,四維航,"2,938,797","1,119","34,816,289",11.90,12.00,11.70,11.70,-,0.1,11.70,125,11.75,3,0.00
757,5706,鳳凰,"6,420,573","4,086","270,727,950",42.60,44.35,40.70,42.00,-,0.4,41.95,10,42.00,24,71.19
758,5871,中租-KY,"2,530,241","1,862","446,038,978",174.00,177.50,174.00,177.00,+,3.5,176.50,34,177.00,85,16.56
759,5871A,中租-KY甲特,"109,496",59,"10,941,551",100.00,100.00,99.90,99.90,-,0.1,99.90,46,100.00,64,0.00
760,5876,上海商銀,"6,522,100","1,973","263,830,517",40.40,40.70,40.05,40.70,+,0.25,40.65,25,40.70,68,13.30
761,5880,合庫金,"12,672,117","3,808","258,173,639",20.35,20.45,20.30,20.40,+,0.1,20.35,140,20.40,171,16.72
762,5906,台南-KY,"56,791",53,"2,730,815",47.60,48.40,47.60,48.40,+,0.8,48.40,2,48.45,1,0.00
763,5907,大洋-KY,"186,000",88,"3,718,300",20.10,20.15,19.85,20.05,+,0.1,20.00,5,20.05,15,501.25
764,6005,群益證,"4,909,967","1,214","70,018,881",14.35,14.40,14.20,14.20,-,0.05,14.20,840,14.25,"1,649",10.29
765,6024,群益期,"247,679",171,"9,622,557",39.00,39.00,38.75,38.80, ,0.0,38.75,61,38.80,8,12.98
766,6108,競國,"358,040",239,"7,807,407",21.80,21.95,21.60,21.90,+,0.15,21.85,9,21.90,4,0.00
767,6112,聚碩,"387,375",244,"17,217,563",44.50,44.55,44.40,44.50,+,0.05,44.45,3,44.50,12,15.24
768,6115,鎰勝,"99,183",75,"4,315,826",43.55,43.60,43.40,43.55, ,0.0,43.50,22,43.55,2,18.38
769,6116,彩晶,"50,677,104","8,825","639,505,380",12.50,12.80,12.45,12.60,+,0.25,12.60,256,12.65,907,35.00
770,6117,迎廣,"3,832",5,"61,095",16.25,16.25,15.85,15.85,+,0.05,15.75,1,16.00,5,0.00
771,6120,達運,"903,679",359,"12,492,915",13.75,13.90,13.70,13.80,+,0.15,13.80,3,13.85,92,0.00
772,6128,上福,"25,104",23,"680,977",27.05,27.25,27.05,27.15,+,0.1,27.10,11,27.20,10,21.72
773,6133,金橋,"252,007",122,"2,326,623",9.14,9.31,9.12,9.20,+,0.14,9.20,1,9.23,15,460.00
774,6136,富爾特,"120,310",90,"2,100,770",17.50,17.50,17.40,17.50, ,0.0,17.45,65,17.50,43,36.46
775,6139,亞翔,"1,578,077",905,"50,051,410",31.40,32.15,31.25,31.95,+,0.65,31.90,21,31.95,9,21.73
776,6141,柏承,"1,061,969",656,"32,555,887",30.15,31.20,30.15,30.40,+,0.35,30.40,5,30.45,2,6.62
777,6142,友勁,"680,820",267,"6,833,205",10.05,10.10,10.00,10.00, ,0.0,10.00,64,10.05,26,0.00
778,6152,百一,"801,267",315,"7,495,582",9.45,9.45,9.29,9.35, ,0.0,9.34,30,9.35,4,49.21
779,6153,嘉聯益,"2,650,025","1,590","93,693,754",35.55,35.65,35.05,35.25,-,0.05,35.25,53,35.30,2,29.87
780,6155,鈞寶,"301,001",193,"8,218,477",27.50,27.70,27.00,27.20,-,0.1,27.15,14,27.20,17,69.74
781,6164,華興,"1,087,886",540,"13,015,899",12.00,12.25,11.85,11.90,-,0.1,11.85,61,11.90,11,0.00
782,6165,捷泰,"422,220",326,"18,543,050",43.60,44.25,43.60,43.80,+,0.3,43.75,1,43.80,5,292.00
783,6166,凌華,"79,520",68,"4,619,813",58.00,58.50,57.60,58.00,+,0.4,57.80,6,58.00,1,42.96
784,6168,宏齊,"624,524",362,"10,956,557",17.45,17.80,17.45,17.45,+,0.15,17.40,39,17.45,34,48.47
785,6172,互億,"5,000",5,"153,400",30.70,30.80,30.60,30.80,+,0.15,30.60,10,30.80,7,0.00
786,6176,瑞儀,"3,126,505","1,548","375,477,671",120.50,121.00,119.50,119.50, ,0.0,119.50,447,120.00,11,10.63
787,6177,達麗,"776,667",467,"23,729,881",30.25,30.75,30.20,30.60,+,0.4,30.55,17,30.60,14,40.80
788,6183,關貿,"50,307",100,"2,418,985",48.20,48.20,47.95,48.20, ,0.0,48.05,1,48.30,3,21.42
789,6184,大豐電,"97,237",62,"4,265,649",44.00,44.05,43.75,43.80,-,0.05,43.80,2,43.85,11,12.66
790,6189,豐藝,"325,005",255,"12,077,599",37.10,37.30,37.05,37.20,+,0.2,37.10,5,37.20,23,13.68
791,6191,精成科,"12,095,927","5,786","347,347,083",28.65,29.20,28.35,28.35,+,0.35,28.35,71,28.45,15,10.20
792,6192,巨路,"111,843",144,"8,091,716",72.50,72.70,72.00,72.30,+,0.1,72.30,3,72.50,2,12.15
793,6196,帆宣,"713,213",609,"75,430,761",105.00,107.00,104.50,106.00,+,2.0,106.00,8,106.50,3,21.72
794,6197,佳必琪,"341,661",240,"13,327,349",38.90,39.35,38.80,39.10,+,0.1,39.05,1,39.10,10,19.65
795,6201,亞弘電,"147,043",108,"7,266,310",49.30,49.75,49.20,49.65,+,0.45,49.60,1,49.65,1,14.82
796,6202,盛群,"1,124,412",761,"94,000,458",83.90,84.40,83.20,83.40,+,0.2,83.40,5,83.50,1,18.29
797,6205,詮欣,"141,120",83,"5,793,807",41.10,41.15,40.95,41.15,+,0.2,41.15,5,41.20,9,23.12
798,6206,飛捷,"233,295",183,"14,405,854",61.90,62.20,61.40,61.40,-,0.4,61.40,4,61.60,23,13.71
799,6209,今國光,"5,814,933","3,277","217,097,987",36.75,37.90,36.30,37.25,+,0.75,37.25,10,37.35,2,0.00
800,6213,聯茂,"1,926,407","1,220","256,253,062",133.50,134.00,132.00,133.50,+,0.5,133.00,18,133.50,13,17.41
801,6214,精誠,"392,674",395,"33,700,196",86.20,86.30,85.60,85.60,-,0.5,85.60,20,86.10,13,9.98
802,6215,和椿,"1,896,820",792,"42,280,017",22.05,22.90,21.85,22.50,+,0.7,22.45,5,22.50,1,21.43
803,6216,居易,"95,049",72,"2,419,904",25.35,25.55,25.35,25.50,-,0.05,25.50,12,25.55,48,19.92
804,6224,聚鼎,"5,282,657","3,696","666,283,884",121.00,130.00,120.00,126.50,+,8.0,126.00,33,126.50,12,26.35
805,6225,天瀚,"15,491",7,"58,273",3.83,3.83,3.73,3.73,+,0.01,3.50,2,3.72,5,0.00
806,6226,光鼎,"1,079,931",374,"11,043,884",10.30,10.30,10.15,10.25,+,0.1,10.20,42,10.30,108,12.06
807,6230,尼得科超眾,"111,157",107,"23,259,676",211.00,211.00,208.50,209.00, ,0.0,209.00,20,209.50,1,27.04
808,6235,華孚,"1,582,608",718,"32,682,282",20.70,20.90,20.40,20.90,+,0.5,20.85,9,20.90,9,5.46
809,6239,力成,"2,319,451","1,276","232,407,877",100.50,101.00,100.00,100.00, ,0.0,100.00,103,100.50,151,10.92
810,6243,迅杰,"732,583",437,"12,314,817",16.65,17.10,16.45,16.85,+,0.45,16.80,30,16.90,12,0.00
811,6251,定穎,"22,497,453","6,923","432,993,863",18.60,19.65,18.55,19.30,+,0.9,19.25,198,19.30,20,7.88
812,6257,矽格,"3,765,047","2,014","191,291,301",50.80,51.30,50.50,50.70,+,0.2,50.60,85,50.70,3,12.28
813,6269,台郡,"2,115,826","1,567","257,512,612",122.00,123.50,121.00,121.00, ,0.0,121.00,258,121.50,7,14.90
814,6271,同欣電,"3,152,246","2,569","621,433,557",198.00,201.00,194.00,195.00,+,1.0,194.50,26,195.50,13,28.89
815,6277,宏正,"305,173",304,"26,688,356",88.20,88.20,87.10,87.50,-,0.9,87.50,1,87.60,1,6.33
816,6278,台表科,"5,287,049","3,449","566,848,767",105.00,109.00,104.50,107.50,+,4.0,107.00,504,107.50,26,15.12
817,6281,全國電,"110,121",122,"9,086,442",81.90,83.00,81.80,82.60,+,0.7,82.60,8,82.70,6,14.07
818,6282,康舒,"2,667,888","1,582","76,325,434",28.75,28.80,28.50,28.55,-,0.05,28.50,370,28.55,2,11.24
819,6283,淳安,"15,551,098","7,875","722,704,368",43.40,47.60,43.40,47.60,+,4.3,47.60,"9,557",--,0,0.00
820,6285,啟碁,"1,796,293","1,238","134,713,005",75.50,75.70,74.70,74.80,-,0.2,74.70,47,74.80,9,21.19
821,6288,聯嘉,"1,014,054",511,"30,623,624",30.30,30.60,30.00,30.10,+,0.3,30.10,111,30.15,5,32.02
822,6289,華上,"44,758",43,"129,077",2.88,2.91,2.88,2.91,-,0.09,2.92,10,3.00,6,0.00
823,6405,悅城,"76,000",50,"1,685,550",22.30,22.45,21.80,22.20,+,0.05,22.20,3,22.30,1,12.27
824,6409,旭隼,"286,325",345,"307,648,210","1,080.00","1,110.00","1,060.00","1,065.00",-,10.0,"1,060.00",3,"1,065.00",3,42.38
825,6412,群電,"451,800",414,"35,070,518",78.50,78.90,77.20,77.60,-,0.1,77.60,3,77.80,5,14.08
826,6414,樺漢,"436,996",519,"101,113,406",232.50,234.00,230.00,230.50,+,0.5,230.50,21,231.00,12,18.85
827,6415,矽力-KY,"737,436",863,"1,788,843,450","2,375.00","2,480.00","2,325.00","2,480.00",+,225.0,"2,480.00",348,--,0,79.69
828,6416,瑞祺電通,"205,250",195,"24,264,653",119.00,119.00,117.50,118.00,-,0.5,118.00,2,118.50,7,23.23
829,6431,光麗-KY,"85,000",63,"2,933,700",35.00,35.30,34.15,34.15,-,0.75,34.10,7,34.50,1,0.00
830,6438,迅得,"1,531,620","1,104","144,019,545",95.00,96.00,92.50,93.70,+,0.3,93.70,1,93.80,7,23.78
831,6442,光聖,"24,100",12,"765,879",31.80,31.80,31.50,31.75,-,0.05,31.70,1,31.90,5,0.00
832,6443,元晶,"18,788,269","10,303","699,112,943",36.05,38.50,35.15,37.80,+,2.5,37.75,232,37.80,128,0.00
833,6449,鈺邦,"480,205",378,"27,445,298",57.50,57.90,56.70,56.80,-,0.3,56.80,2,57.00,8,18.38
834,6451,訊芯-KY,"1,315,188",948,"156,345,555",118.50,121.50,117.00,117.00,-,0.5,117.00,57,117.50,10,18.48
835,6456,GIS-KY,"14,642,613","9,037","1,823,216,146",124.00,127.00,121.50,127.00,+,4.0,126.50,132,127.00,183,11.50
836,6464,台數科,"23,313",29,"2,566,350",110.50,111.00,109.50,109.50, ,0.0,109.50,5,110.50,4,13.10
837,6477,安集,"12,250,445","7,369","787,513,478",61.90,66.20,61.30,63.70,+,2.7,63.70,5,63.80,5,24.69
838,6491,晶碩,"2,009,966","1,916","655,244,153",334.50,339.00,313.00,319.00,-,13.0,316.00,1,319.00,4,31.21
839,6504,南六,"263,676",209,"45,604,592",173.00,174.00,172.00,174.00,+,2.0,174.00,7,174.50,22,10.66
840,6505,台塑化,"3,006,704","1,985","303,856,081",101.50,101.50,100.00,101.50, ,0.0,101.00,260,101.50,308,225.56
841,6515,穎崴,"268,123",343,"99,084,796",374.50,375.00,366.50,368.00,-,5.0,367.00,11,368.00,10,19.60
842,6525,捷敏-KY,"1,308,672",979,"103,535,821",79.80,80.20,78.10,79.40,+,0.2,79.40,6,79.50,5,15.57
843,6531,愛普,"5,239,268","4,724","3,583,680,031",688.00,693.00,676.00,676.00,+,3.0,675.00,22,676.00,22,189.36
844,6533,晶心科,"2,950,851","2,750","1,345,614,174",462.00,463.50,445.50,458.00,+,7.0,457.00,1,458.00,11,558.54
845,6541,泰福-KY,"556,627",358,"35,351,721",63.90,64.90,61.80,61.80,-,2.7,61.70,1,61.80,7,0.00
846,6552,易華電,"437,395",346,"30,632,976",70.20,71.00,69.60,69.70,-,0.1,69.60,6,69.70,3,28.45
847,6558,興能高,"926,116",660,"45,939,174",49.35,50.40,48.80,49.00,+,0.45,49.00,1,49.10,4,108.89
848,6573,虹揚-KY,"1,456,271",748,"27,281,213",18.20,19.30,17.95,18.45,+,0.25,18.45,1,18.50,6,0.00
849,6579,研揚,"9,146",11,"628,267",68.70,68.70,68.70,68.70,+,0.2,68.70,2,69.10,6,26.63
850,6581,鋼聯,"314,010",165,"23,310,255",73.50,74.80,73.30,74.40,+,1.6,74.40,3,74.50,7,20.33
851,6582,申豐,"14,033,485","10,104","2,435,253,586",171.00,181.50,168.00,171.50,+,5.5,171.00,63,171.50,16,17.22
852,6591,動力-KY,"1,267,383",995,"81,114,620",63.00,66.00,62.30,62.50,+,0.7,62.40,4,62.50,24,16.32
853,6592,和潤企業,"2,127,414",499,"173,386,127",81.60,81.90,81.00,81.50,+,0.3,81.40,17,81.50,92,17.49
854,6598,ABC-KY,"393,400",297,"19,459,270",49.95,50.00,49.00,49.20,-,1.1,49.20,3,49.30,3,0.00
855,6605,帝寶,"134,675",114,"8,236,046",62.00,62.00,60.90,60.90,-,0.1,60.90,2,61.00,1,23.51
856,6625,必應,"67,205",45,"2,298,744",34.50,34.70,34.00,34.25,-,0.2,34.00,6,34.25,1,0.00
857,6641,基士德-KY,"43,120",40,"2,809,196",65.90,65.90,65.00,65.00,-,0.3,65.00,5,65.10,3,11.32
858,6655,科定,"26,105",15,"1,552,740",59.80,59.90,58.60,59.50,-,0.4,59.00,7,59.50,1,17.66
859,6666,羅麗芬-KY,"7,506",13,"695,658",91.10,93.00,91.10,93.00,+,0.8,93.00,2,93.20,3,25.07
860,6668,中揚光,"124,030",107,"7,471,318",60.50,61.00,59.90,60.00,+,0.1,59.90,6,60.00,10,54.05
861,6669,緯穎,"569,151",633,"473,318,633",820.00,843.00,820.00,832.00,+,22.0,831.00,1,833.00,4,16.90
862,6670,復盛應用,"1,028,725",759,"243,351,880",234.50,240.00,230.00,239.50,+,5.5,239.00,2,240.00,34,22.85
863,6671,三能-KY,"141,050",96,"6,420,455",45.00,46.50,44.85,45.40,+,0.55,45.40,1,45.45,1,12.30
864,6672,騰輝電子-KY,"1,776,998","1,260","163,695,390",92.80,93.10,91.20,91.40,+,0.1,91.40,10,92.00,9,16.01
865,6674,鋐寶科技,"25,000",25,"789,350",31.60,32.10,31.30,31.60,+,0.55,31.30,4,31.50,2,95.76
866,6698,旭暉應材,"354,049",259,"14,614,858",41.85,41.90,40.90,41.05,-,0.9,41.05,2,41.10,9,"4,105.00"
867,6706,惠特,"1,019,807","1,211","159,569,876",157.00,159.00,154.50,155.00,+,0.5,154.50,35,155.00,42,47.55
868,6715,嘉基,"61,000",57,"7,805,000",129.00,129.00,126.00,127.50,-,0.5,127.50,1,128.00,8,30.95
869,6743,安普新,"2,148,245","1,582","354,384,381",166.00,169.00,160.50,162.00,-,1.0,161.50,5,162.00,12,65.32
870,6754,匯僑設計,"75,164",57,"3,230,537",42.70,43.05,42.70,43.00,+,0.1,42.95,1,43.00,14,15.41
871,6756,威鋒電子,"141,045",158,"37,997,630",271.50,272.00,268.50,268.50,+,1.0,268.50,1,269.00,2,54.68
872,8011,台通,"1,236,314",626,"25,809,815",20.60,21.35,20.60,20.65,+,0.15,20.65,64,20.70,6,344.17
873,8016,矽創,"882,311",768,"169,284,912",194.50,194.50,190.00,190.00, ,0.0,190.00,32,190.50,12,18.94
874,8021,尖點,"3,134,281","1,471","100,632,791",32.30,32.50,31.80,32.20,-,0.1,32.15,3,32.20,40,16.26
875,8028,昇陽半導體,"669,840",550,"36,273,410",53.70,54.80,53.70,53.80,+,0.1,53.70,20,54.00,5,52.75
876,8033,雷虎,"1,988,024","1,060","33,774,182",16.65,17.25,16.55,17.05,+,0.6,17.00,28,17.05,5,0.00
877,8039,台虹,"1,973,393","1,207","99,123,153",50.70,51.00,50.00,50.30,-,0.1,50.30,35,50.40,785,13.59
878,8046,南電,"20,288,168","15,380","5,733,783,917",279.00,288.00,277.50,283.50,+,10.0,283.00,45,283.50,106,50.00
879,8070,長華*,"3,595,320","1,957","140,635,558",39.20,39.50,38.90,39.10,+,0.3,39.10,20,39.15,6,25.39
880,8072,陞泰,"60,426",49,"1,743,578",29.15,29.20,28.65,28.65,-,0.5,28.65,4,28.75,2,0.00
881,8081,致新,"352,102",361,"65,417,841",186.00,187.00,185.00,185.00,+,2.0,185.00,8,186.00,8,16.52
882,8101,華冠,"173,593",51,"612,194",3.50,3.57,3.50,3.55,+,0.02,3.54,5,3.55,11,0.00
883,8103,瀚荃,"2,104,302","1,278","81,889,488",38.60,39.30,38.35,38.90,+,0.75,38.85,8,38.90,118,15.69
884,8104,錸寶,"176,521",145,"8,943,841",51.10,51.20,50.40,50.80,+,0.6,50.70,3,50.80,3,26.32
885,8105,凌巨,"1,011,054",436,"12,483,256",12.40,12.45,12.25,12.30,+,0.05,12.30,128,12.35,29,0.00
886,8110,華東,"1,545,945",581,"19,993,923",13.00,13.10,12.85,12.85, ,0.0,12.85,116,12.90,17,19.77
887,8112,至上,"4,891,064","2,494","191,934,734",39.40,39.50,39.10,39.25,+,0.05,39.20,128,39.25,6,9.32
888,8114,振樺電,"52,414",55,"4,093,412",77.90,78.40,77.90,77.90,+,0.1,77.90,1,78.30,8,34.62
889,8131,福懋科,"577,430",299,"22,474,327",38.80,39.20,38.70,38.75,+,0.1,38.70,9,38.75,1,12.22
890,8150,南茂,"2,990,731","1,833","109,463,846",36.90,36.95,36.35,36.50,-,0.15,36.50,101,36.55,16,12.01
891,8163,達方,"6,375,472","3,442","297,880,822",46.00,47.40,45.90,47.40,+,1.65,47.30,19,47.40,38,15.39
892,8201,無敵,"162,094",38,"1,512,336",9.35,9.53,9.30,9.34,-,0.05,9.34,3,9.46,2,0.00
893,8210,勤誠,"186,780",179,"15,681,564",84.30,84.50,83.50,83.60,-,0.2,83.60,1,83.70,2,10.94
894,8213,志超,"2,366,716","1,485","117,931,938",50.00,50.30,49.50,49.70,-,0.2,49.70,79,49.75,5,7.23
895,8215,明基材,"2,036,894",986,"58,224,585",28.35,28.85,28.35,28.70,+,0.65,28.65,16,28.75,11,23.33
896,8222,寶一,"218,309",123,"2,917,647",13.30,13.40,13.25,13.25, ,0.0,13.30,5,13.45,4,0.00
897,8249,菱光,"288,451",224,"5,840,421",20.20,20.30,20.20,20.30,+,0.2,20.20,39,20.30,314,19.15
898,8261,富鼎,"1,063,652",790,"51,504,958",48.25,48.75,48.10,48.25,+,0.55,48.25,2,48.30,35,19.77
899,8271,宇瞻,"628,550",469,"25,625,411",40.90,41.00,40.50,40.80,+,0.15,40.75,17,40.80,2,14.17
900,8341,日友,"106,570",487,"24,117,860",228.00,228.00,225.00,227.50,-,0.5,227.50,1,228.00,13,25.53
901,8367,建新國際,"165,008",92,"4,935,196",30.40,30.40,29.80,29.80,-,0.45,29.80,10,29.90,5,11.60
902,8374,羅昇,"122,053",88,"3,277,922",26.60,27.15,26.60,26.70,+,0.1,26.70,3,26.75,1,157.06
903,8404,百和興業-KY,"164,102",86,"4,760,058",29.10,29.15,28.80,29.00,-,0.05,28.95,16,29.00,1,20.28
904,8411,福貞-KY,"135,225",101,"1,891,356",14.20,14.20,13.90,14.05,-,0.1,14.05,1,14.10,20,17.56
905,8422,可寧衛,"391,645",397,"66,940,092",171.00,171.50,170.00,171.50,+,1.0,171.00,3,171.50,65,15.72
906,8427,基勝-KY,"37,100",31,"1,841,850",48.70,51.50,48.70,51.00, ,0.0,50.00,7,51.40,1,0.00
907,8429,金麗-KY,"310,102",212,"2,649,191",8.49,8.63,8.49,8.51,+,0.04,8.51,5,8.53,11,0.00
908,8442,威宏-KY,"2,002",3,"87,344",43.50,43.75,43.50,43.75,+,0.7,43.10,1,43.55,1,190.22
909,8443,阿瘦,"85,635",126,"1,030,192",12.05,12.30,11.85,12.10,+,0.05,12.00,2,12.10,16,0.00
910,8454,富邦媒,"118,612",265,"101,233,916",873.00,873.00,845.00,845.00,-,15.0,845.00,1,850.00,1,60.88
911,8462,柏文,"73,566",166,"11,511,656",157.00,157.50,155.50,157.50,+,0.5,157.00,2,157.50,1,28.69
912,8463,潤泰材,"121,516",80,"4,425,713",36.50,37.20,36.05,36.05,-,0.15,36.05,3,36.40,1,53.81
913,8464,億豐,"351,608",346,"141,395,240",404.00,410.00,397.00,401.00,+,0.5,400.50,1,401.00,13,25.17
914,8466,美吉吉-KY,"14,032",14,"866,884",61.90,62.00,61.60,61.60, ,0.0,61.50,4,61.60,3,11.78
915,8467,波力-KY,"282,001",183,"13,813,099",48.75,49.15,47.00,47.00,+,2.3,47.00,1,47.80,2,33.33
916,8473,山林水,"238,956",199,"10,262,284",43.15,43.30,42.50,43.10,+,0.55,43.05,1,43.10,5,18.66
917,8478,東哥遊艇,"1,044,305",858,"52,468,244",49.00,51.80,49.00,49.60,+,1.55,49.50,12,49.60,2,41.68
918,8480,泰昇-KY,"27,025",25,"3,253,562",120.50,120.50,120.00,120.50,-,0.5,120.00,4,120.50,2,12.03
919,8481,政伸,"161,513",141,"13,422,074",84.60,84.80,82.00,82.20,-,2.6,82.10,2,82.20,1,7.10
920,8482,商億-KY,"143,000",47,"11,453,900",80.90,80.90,79.50,79.50, ,0.0,79.40,2,79.50,29,12.93
921,8488,吉源-KY,"59,000",48,"870,200",14.75,15.00,14.60,14.80,+,0.05,14.70,5,14.85,7,49.33
922,8499,鼎炫-KY,"2,388,849","1,946","353,612,611",148.50,151.50,145.00,148.00,+,3.0,147.50,2,148.00,15,12.16
923,8926,台汽電,"601,235",416,"23,196,441",38.55,38.65,38.50,38.60,+,0.05,38.60,24,38.65,91,20.86
924,8940,新天地,"166,428",172,"1,971,621",11.80,12.05,11.75,11.75,-,0.45,11.75,4,11.80,9,0.00
925,8996,高力,"177,632",168,"9,339,803",53.10,53.10,52.00,52.70,+,0.3,52.70,1,52.80,6,47.48
926,9103,美德醫療-DR,"14,654,147","5,167","282,856,693",19.80,19.85,19.00,19.00,-,1.0,19.00,302,19.05,107,0.00
927,910322,康師傅-DR,"114,000",36,"3,325,250",28.25,29.40,28.25,29.35,+,1.15,29.30,11,29.40,2,0.00
928,9105,泰金寶-DR,"46,490,312","7,713","198,428,959",4.05,4.43,4.05,4.21,+,0.18,4.21,308,4.22,154,0.00
929,910861,神州-DR,"368,090",101,"3,626,935",9.96,9.98,9.80,9.98,-,0.07,9.80,1,9.98,1,0.00
930,9110,越南控-DR,"633,000",162,"1,846,430",2.84,3.03,2.81,2.95,+,0.14,2.91,22,2.95,13,0.00
931,911608,明輝-DR,"118,000",56,"456,560",3.77,3.93,3.77,3.92,+,0.12,3.84,6,3.92,15,0.00
932,911616,杜康-DR,"783,567",219,"1,443,386",1.83,1.89,1.81,1.83,+,0.03,1.82,10,1.83,1,0.00
933,911622,泰聚亨-DR,"210,000",59,"842,700",4.00,4.04,3.99,4.02,+,0.03,3.98,17,4.03,5,0.00
934,911868,同方友友-DR,"1,781,000",313,"2,928,500",1.64,1.69,1.61,1.62, ,0.0,1.62,15,1.64,1,0.00
935,912000,晨訊科-DR,"4,283,100",801,"12,217,060",2.75,2.94,2.75,2.82,+,0.1,2.82,24,2.83,21,0.00
936,912398,友佳-DR,"400,472",181,"1,765,043",4.32,4.46,4.31,4.39,+,0.09,4.38,9,4.39,45,0.00
937,9136,巨騰-DR,"454,000",125,"4,622,850",10.20,10.30,10.10,10.15,+,0.05,10.15,1,10.20,12,0.00
938,9188,精熙-DR,"952,000",174,"2,899,630",2.98,3.10,2.98,3.09,+,0.12,3.09,14,3.10,67,0.00
939,9802,鈺齊-KY,"1,247,833","1,022","137,745,573",108.00,112.50,107.00,112.00,+,4.5,111.50,7,112.00,14,23.14
940,9902,台火,"244,625",124,"2,772,593",11.35,11.40,11.30,11.30,-,0.05,11.30,20,11.35,12,43.46
941,9904,寶成,"9,250,178","3,533","286,961,957",31.20,31.30,30.90,31.00,-,0.1,31.00,484,31.05,14,20.39
942,9905,大華,"164,886",105,"3,921,759",23.85,23.85,23.70,23.70,-,0.05,23.70,13,23.75,2,12.41
943,9906,欣巴巴,"38,028",30,"1,883,490",49.50,50.00,49.00,49.30,+,0.3,49.05,1,49.30,4,0.00
944,9907,統一實,"1,062,037",488,"12,062,271",11.40,11.45,11.30,11.35,-,0.05,11.35,11,11.40,231,20.64
945,9908,大台北,"37,289",48,"1,259,415",33.95,33.95,33.70,33.80, ,0.0,33.75,8,33.80,31,20.99
946,9910,豐泰,"450,107",434,"87,255,135",194.50,195.00,192.50,194.00,+,1.5,193.00,7,194.00,22,34.46
947,9911,櫻花,"124,018",168,"6,664,751",54.10,54.20,53.10,53.90,-,0.3,53.70,1,53.90,1,13.05
948,9912,偉聯,"489,324",210,"4,228,248",8.10,8.88,8.10,8.88,+,0.8,8.88,288,--,0,0.00
949,9914,美利達,"2,777,822","2,337","808,544,879",289.00,297.50,281.00,296.50,+,12.0,296.00,2,296.50,18,25.28
950,9917,中保科,"172,218",201,"15,124,259",88.10,88.10,87.60,88.10, ,0.0,87.60,7,88.10,9,17.69
951,9918,欣天然,"2,213",23,"80,982",36.60,36.60,36.60,36.60,+,0.05,36.40,5,36.45,3,23.46
952,9919,康那香,"3,408,143","1,986","115,261,822",33.75,34.25,33.50,34.00,+,0.05,33.95,19,34.00,133,9.26
953,9921,巨大,"1,821,837","1,330","509,472,978",280.00,281.50,276.50,279.00,-,2.0,278.50,11,279.00,25,24.54
954,9924,福興,"777,075",529,"35,583,635",46.45,46.45,45.35,45.75,-,0.75,45.70,4,45.75,20,10.47
955,9925,新保,"240,365",154,"9,043,782",37.60,37.70,37.55,37.70,+,0.1,37.65,1,37.70,13,15.77
956,9926,新海,"8,354",13,"404,585",49.05,49.05,48.30,48.40,-,0.4,48.40,1,48.75,1,20.95
957,9927,泰銘,"153,345",94,"4,661,220",30.35,30.50,30.30,30.40,+,0.05,30.35,23,30.40,4,22.35
958,9928,中視,"23,666",15,"120,668",5.19,5.19,5.05,5.19,+,0.07,5.10,10,5.19,13,0.00
959,9929,秋雨,"371,283",204,"5,074,472",14.30,14.30,13.25,13.25, ,0.0,13.25,3,13.30,25,2.71
960,9930,中聯資源,"104,995",81,"4,903,812",47.10,47.10,46.40,46.70,-,0.25,46.65,1,46.70,2,15.21
961,9931,欣高,"14,006",20,"583,604",41.65,41.80,41.60,41.80, ,0.0,41.60,2,41.90,4,25.03
962,9933,中鼎,"2,408,300","1,515","87,890,549",36.30,36.80,36.00,36.70,+,0.6,36.70,56,36.75,6,36.34
963,9934,成霖,"749,953",259,"12,200,584",16.25,16.40,16.20,16.40, ,0.0,16.30,2,16.40,64,0.00
964,9935,慶豐富,"841,511",457,"24,032,623",28.10,29.10,27.50,28.65,+,0.7,28.60,17,28.65,31,16.85
965,9937,全國,"37,261",44,"1,903,762",50.80,51.20,50.80,51.10,+,0.3,51.10,1,51.20,15,21.20
966,9938,百和,"2,296,941","1,435","182,923,049",80.50,80.50,79.00,79.30,-,1.2,79.30,7,79.40,23,15.58
967,9939,宏全,"2,512,553","1,319","168,165,429",66.80,67.40,65.80,67.30,+,1.2,67.20,12,67.30,18,11.89
968,9940,信義,"426,993",298,"12,855,487",29.95,30.25,29.95,30.05,+,0.1,30.05,1,30.10,36,18.55
969,9941,裕融,"828,460",819,"93,253,707",112.00,113.50,111.50,113.00,+,1.5,113.00,32,113.50,65,15.98
970,9941A,裕融甲特,"468,150",36,"23,872,735",51.00,51.10,50.90,50.90,-,0.2,50.90,30,51.10,166,0.00
971,9942,茂順,"1,185,278",936,"106,647,156",91.90,91.90,89.10,89.50,-,3.5,89.40,11,89.60,1,20.57
972,9943,好樂迪,"171,109",149,"11,172,436",65.10,65.70,65.00,65.70,+,0.6,65.70,3,65.80,6,15.53
973,9944,新麗,"196,811",117,"4,072,487",20.75,20.80,20.55,20.80,+,0.05,20.70,1,20.80,19,61.18
974,9945,潤泰新,"9,284,428","4,495","407,447,199",43.50,44.50,43.50,43.85,+,0.35,43.80,43,43.85,21,9.49
975,9946,三發地產,"854,491",271,"13,578,078",15.95,15.95,15.75,15.95, ,0.0,15.75,30,15.95,218,9.11
976,9955,佳龍,"108,053",91,"2,010,791",18.60,18.75,18.45,18.45, ,0.0,18.45,5,18.50,3,0.00
977,9958,世紀鋼,"1,800,155","1,221","203,237,248",112.50,114.00,111.50,113.50,+,2.0,113.00,51,113.50,113,31.97
